county,N,Mean,Var,Ratio,Pop2010
"Ada County, ID",48,180.95833333333334,324.63652482269504,0.5574182801278025,392365
"Adams County, CO",48,279.2708333333333,778.8825354609929,0.35855321003961504,441603
"Adams County, PA",48,31.770833333333332,42.988918439716315,0.739047049482899,101407
"Aiken County, SC",48,55.541666666666664,66.80673758865248,0.831378221290374,160099
"Alachua County, FL",48,123.64583333333333,139.42508865248226,0.8868262844825668,247336
"Alamance County, NC",48,69.79166666666667,168.29609929078015,0.4146956879023167,151131
"Alameda County, CA",48,835.8333333333334,5906.822695035461,0.14150303411609608,1510271
"Albany County, NY",48,106.6875,232.30452127659575,0.4592570967354158,304204
"Alexandria city, VA",48,97.375,120.5372340425532,0.8078416662989276,139966
"Allegan County, MI",48,45.854166666666664,70.59530141843972,0.6495356736969666,111408
"Allegheny County, PA",48,551.9583333333334,2937.998226950355,0.18786884494013692,1223348
"Allen County, IN",48,183.33333333333334,393.07801418439715,0.46640444572748274,355329
"Allen County, OH",48,33.791666666666664,40.16843971631206,0.8412491723681306,106331
"Anderson County, SC",48,76.54166666666667,150.72163120567376,0.5078346489112662,187126
"Androscoggin County, ME",48,46.833333333333336,68.60992907801419,0.6826028530080628,107702
"Anne Arundel County, MD",48,236.75,583.936170212766,0.4054381490253233,537656
"Anoka County, MN",48,165.04166666666666,295.10460992907804,0.5592649559298001,330844
"Arapahoe County, CO",48,292.5,1083.3191489361702,0.2700035352345039,572003
"Arlington County, VA",48,119.5625,145.44281914893617,0.8220584604975634,207627
"Ascension Parish, LA",48,51.8125,54.15558510638298,0.9567341927562922,107215
"Ashtabula County, OH",48,27.895833333333332,50.73359929078014,0.5498492857454895,101497
"Atlantic County, NJ",48,111.83333333333333,114.09929078014184,0.9801404773744405,274549
"Baldwin County, AL",48,69.54166666666667,97.95567375886525,0.7099299509475628,182265
"Baltimore city, MD",48,275,1040.936170212766,0.26418526694464883,620961
"Baltimore County, MD",48,325.1041666666667,880.5633865248227,0.36920018665516263,805029
"Barnstable County, MA",48,68.1875,127.43218085106383,0.5350885431341244,215888
"Bartow County, GA",48,53.291666666666664,117.7854609929078,0.4524468997907603,100157
"Bay County, FL",48,98.52083333333333,222.55274822695034,0.44268531446246506,168852
"Bay County, MI",48,36.979166666666664,59.25487588652482,0.6240695995631326,107771
"Beaufort County, SC",48,68.875,99.72872340425532,0.6906234999199957,162233
"Beaver County, PA",48,58.229166666666664,87.24423758865248,0.6674270791523348,170539
"Bell County, TX",48,252.3125,734.4747340425532,0.34352781423980444,310235
"Benton County, AR",48,112.3125,194.09175531914894,0.5786567276663674,221339
"Benton County, WA",48,94.16666666666667,166.22695035460993,0.5664945814489292,175177
"Bergen County, NJ",48,294.0208333333333,597.8506205673759,0.4917964843028846,905116
"Berkeley County, SC",48,90,152.08510638297872,0.5917739227756016,177843
"Berkeley County, WV",48,49.166666666666664,76.69503546099291,0.6410671351951174,104169
"Berks County, PA",48,156,371.5744680851064,0.41983508932661473,411442
"Berkshire County, MA",48,39.604166666666664,73.60593971631205,0.5380566679714552,131219
"Bernalillo County, NM",48,239,1053.872340425532,0.22678268594040216,662564
"Berrien County, MI",48,67.08333333333333,133.95035460992906,0.500807433684545,156813
"Bexar County, TX",48,872.7916666666666,6221.062056737589,0.1402962482461348,1714773
"Bibb County, GA",48,66.27083333333333,120.1165780141844,0.5517209566651782,155547
"Black Hawk County, IA",48,72.25,111.46808510638297,0.6481675892345868,131090
"Blair County, PA",48,41.3125,58.517287234042556,0.7059879559141007,127089
"Blount County, TN",48,32.25,32.319148936170215,0.9978604344963791,123010
"Bonneville County, ID",48,63.604166666666664,105.13785460992908,0.6049597160094607,104234
"Boone County, KY",48,51.6875,53.07047872340426,0.9739407151269137,118811
"Boone County, MO",48,58.354166666666664,77.55274822695036,0.752444858509708,162642
"Bossier Parish, LA",48,42.354166666666664,54.2761524822695,0.7803457822568132,116979
"Boulder County, CO",48,100.79166666666667,139.95567375886526,0.7201684930639133,294567
"Brazoria County, TX",48,147.85416666666666,225.78679078014184,0.654839754601227,313166
"Brazos County, TX",48,92.14583333333333,101.10593971631205,0.9113790306670466,194851
"Brevard County, FL",48,181.875,373.72872340425533,0.4866497772590769,543376
"Bristol County, MA",48,216.39583333333334,631.7761524822695,0.34251978724285004,548285
"Bronx County, NY",48,732.2916666666666,4328.934397163121,0.1691621076878779,1385108
"Broome County, NY",48,66.33333333333333,88.43971631205673,0.7500400962309542,200600
"Broward County, FL",48,764.8333333333334,2917.758865248227,0.26213041195515846,1748066
"Brown County, WI",48,116.89583333333333,147.15913120567376,0.7943498468331972,248007
"Brunswick County, NC",48,34.833333333333336,50.269503546099294,0.6929317155756207,107431
"Bucks County, PA",48,201.83333333333334,665.9290780141844,0.3030853284484962,625249
"Buncombe County, NC",48,87.4375,169.01728723404256,0.5173287385622458,238318
"Burlington County, NJ",48,168.8125,239.04920212765958,0.7061830723444497,448734
"Butler County, OH",48,131.72916666666666,217.30806737588654,0.6061862693703377,368130
"Butler County, PA",48,63.416666666666664,110.71631205673759,0.5727852155531356,183862
"Butte County, CA",48,95.10416666666667,207.96764184397162,0.4573027122075985,220000
"Cabarrus County, NC",48,83.54166666666667,131.4450354609929,0.6355634990220544,178011
"Cache County, UT",48,111.64583333333333,156.31870567375887,0.7142192794657668,112656
"Caddo Parish, LA",48,101.1875,252.83643617021278,0.40020932715520185,254969
"Calcasieu Parish, LA",48,93.08333333333333,164.03546099290782,0.567458601755372,192768
"Calhoun County, AL",48,37.4375,48.80452127659574,0.76709081496417,118572
"Calhoun County, MI",48,62.916666666666664,104.9290780141844,0.5996113551875634,136146
"Cambria County, PA",48,39.729166666666664,78.79742907801419,0.5041936917425618,143679
"Camden County, NJ",48,242.58333333333334,526.3333333333334,0.4608929702343255,513657
"Cameron County, TX",48,186.9375,828.1875,0.22571881367443966,406220
"Canadian County, OK",48,53.25,79.08510638297872,0.6733252623083131,115541
"Canyon County, ID",48,116.52083333333333,234.42508865248226,0.4970493303558767,188923
"Carroll County, GA",48,55.625,71.98404255319149,0.7727407078992093,110527
"Carroll County, MD",48,55.895833333333336,103.58466312056737,0.5396149550467079,167134
"Cass County, ND",48,95.29166666666667,222.50886524822695,0.428260090043428,149778
"Catawba County, NC",48,68.66666666666667,71.41843971631205,0.9614697120158889,154358
"Cecil County, MD",48,38.291666666666664,49.402482269503544,0.7750960054552632,101108
"Centre County, PA",48,45.395833333333336,54.457003546099294,0.8336087257335884,153990
"Champaign County, IL",48,78.47916666666667,113.23359929078015,0.6930731439979644,201081
"Charles County, MD",48,63.520833333333336,99.53147163120568,0.6381984742343337,146551
"Charleston County, SC",48,153.1875,182.32579787234042,0.8401855458066211,350209
"Charlotte County, FL",48,34.041666666666664,44.80673758865248,0.7597443710181631,159978
"Chatham County, GA",48,105.9375,182.69813829787233,0.579849915204274,265128
"Chautauqua County, NY",48,37.4375,43.825797872340424,0.8542343053069151,134905
"Cherokee County, GA",48,91.375,134.45212765957447,0.679609922063536,214346
"Chesapeake city, VA",48,116.22916666666667,334.1378546099291,0.34784794677739234,222209
"Chester County, PA",48,202.0625,588.6130319148937,0.343285807557886,498886
"Chesterfield County, VA",48,168.625,285.77127659574467,0.5900697999069335,316236
"Chittenden County, VT",48,51.416666666666664,90.33333333333333,0.5691881918819188,156545
"Citrus County, FL",48,37.0625,57.378989361702125,0.6459245868965677,141236
"Clackamas County, OR",48,133.75,338.6170212765957,0.39498900408419735,375992
"Clark County, IN",48,44.333333333333336,58.354609929078016,0.7597228974234322,110232
"Clark County, NV",48,959.6875,9464.64494680851,0.10139709470280846,1951269
"Clark County, OH",48,40.083333333333336,54.50354609929078,0.7354261548471048,138333
"Clark County, WA",48,199.54166666666666,590.168439716312,0.33810968740142106,425363
"Clarke County, GA",48,46.979166666666664,75.59530141843972,0.6214561723436318,116714
"Clay County, FL",48,94.3125,101.32579787234043,0.9307846765620693,190865
"Clay County, MO",48,94.41666666666667,199.2695035460993,0.4738139303128448,221939
"Clayton County, GA",48,178.58333333333334,334.6737588652482,0.5336042297993177,259424
"Clermont County, OH",48,65.5625,121.23005319148936,0.5408106181100203,197363
"Cleveland County, OK",48,75.75,113.17021276595744,0.6693457416807671,255755
"Cobb County, GA",48,339.7708333333333,1145.7548758865248,0.2965475779192618,688078
"Cochise County, AZ",48,48.145833333333336,59.871897163120565,0.8041474483790008,131346
"Coconino County, AZ",48,57.583333333333336,95.39716312056737,0.6036168314623449,134421
"Collier County, FL",48,108.83333333333333,135.3758865248227,0.803934409052808,321520
"Collin County, TX",48,355.125,1132.1968085106382,0.31366013164014606,782341
"Columbia County, GA",48,62.291666666666664,88.80673758865248,0.7014295126479925,124053
"Columbiana County, OH",48,26.958333333333332,31.104609929078013,0.8666989682494443,107841
"Comal County, TX",48,40.458333333333336,56.63652482269504,0.7143505619384529,108472
"Comanche County, OK",48,58.208333333333336,108.04078014184397,0.5387626159021909,124098
"Contra Costa County, CA",48,507.1041666666667,1835.4995567375886,0.2762758317239761,1049025
"Cook County, IL",48,2333,73449.78723404255,0.031763196162380436,5194675
"Coweta County, GA",48,63.291666666666664,88.84929078014184,0.7123485861387719,127317
"Cowlitz County, WA",48,40.375,36.920212765957444,1.0935744129088028,102410
"Craven County, NC",48,53.770833333333336,99.71232269503547,0.5392596609928384,103505
"Cumberland County, ME",48,101.02083333333333,352.53147163120565,0.2865583400707396,281674
"Cumberland County, NC",48,221.54166666666666,498.4237588652482,0.4444845630373767,319431
"Cumberland County, NJ",48,68.29166666666667,104.04078014184397,0.6563932582354847,156898
"Cumberland County, PA",48,120.02083333333333,127.16976950354609,0.9437843113334147,235406
"Cuyahoga County, OH",48,499.6875,3439.7513297872342,0.14526849533361708,1280122
"Dakota County, MN",48,201.83333333333334,373.16312056737587,0.540871597993006,398552
"Dallas County, TX",48,1601.4791666666667,43230.382535460994,0.037045223121794174,2368139
"Dane County, WI",48,202.16666666666666,889.6312056737588,0.22724772397519094,488073
"Dauphin County, PA",48,159.04166666666666,168.04078014184398,0.9464468477974148,268100
"Davidson County, NC",48,60.1875,95.9002659574468,0.6276051416448272,162878
"Davidson County, TN",48,335.5208333333333,592.637854609929,0.5661481640489726,626681
"Davis County, UT",48,271.0625,1015.251329787234,0.2669905392360397,306479
"DeKalb County, GA",48,464.4791666666667,1773.91445035461,0.2618385382529671,691893
"DeKalb County, IL",48,34.3125,45.878989361702125,0.7478913654676677,105160
"Delaware County, IN",48,35.25,60.06382978723404,0.5868756641870351,117671
"Delaware County, OH",48,68.60416666666667,105.47828014184397,0.6504103648107448,174214
"Delaware County, PA",48,220.25,813.4255319148937,0.2707684863069237,558979
"Denton County, TX",48,313.7916666666667,728.6790780141844,0.43063081695966915,662614
"Denver County, CO",48,388,2207.531914893617,0.1757618983364497,600158
"Deschutes County, OR",48,63.3125,93.32579787234043,0.6784029865633148,157733
"DeSoto County, MS",48,68.54166666666667,104.50886524822695,0.6558454778345181,161252
"Dorchester County, SC",48,60.604166666666664,71.77615248226951,0.8443496143323842,136555
"Douglas County, CO",48,118.47916666666667,212.97828014184398,0.5562969453399629,285465
"Douglas County, GA",48,51.6875,56.474734042553195,0.9152322870799877,132403
"Douglas County, KS",48,39.5,60.212765957446805,0.6560070671378092,110826
"Douglas County, NE",48,273.2291666666667,760.9038120567376,0.35908502801178377,517110
"Douglas County, OR",48,41.083333333333336,43.695035460992905,0.940228858951469,107667
"DuPage County, IL",48,346.4583333333333,1402.5939716312057,0.24701256410677783,916924
"Durham County, NC",48,156.97916666666666,246.9570035460993,0.6356538361438431,267587
"Dutchess County, NY",48,88.10416666666667,198.05274822695034,0.44485202783304656,297488
"Duval County, FL",48,478.75,2013.212765957447,0.23780397586159518,864263
"East Baton Rouge Parish, LA",48,201.3125,518.5598404255319,0.3882145980197817,440171
"Eaton County, MI",48,36.770833333333336,39.79742907801418,0.9239499682567971,107759
"Ector County, TX",48,104.16666666666667,238.09929078014184,0.43749255331824144,137130
"El Dorado County, CA",48,70.35416666666667,84.87189716312056,0.8289453755398991,181058
"El Paso County, CO",48,375.9583333333333,2031.1471631205675,0.1850965504418336,622263
"El Paso County, TX",48,457.4791666666667,3056.893173758865,0.1496549407070493,800647
"Elkhart County, IN",48,109.625,128.87765957446808,0.8506129018944241,197559
"Ellis County, TX",48,78.5,141.2340425531915,0.5558150045194336,149610
"Erie County, NY",48,276.8125,1410.027925531915,0.19631703385986207,919040
"Erie County, PA",48,90.58333333333333,175.01418439716312,0.5175770960813713,280566
"Escambia County, FL",48,128.60416666666666,273.010195035461,0.47105994210202445,297619
"Essex County, MA",48,352.4375,1056.2938829787233,0.3336547770267634,743159
"Essex County, NJ",48,366.1875,1081.0492021276596,0.33873342608207896,783969
"Etowah County, AL",48,36.333333333333336,60.95035460992908,0.5961135676053061,104430
"Fairfax County, VA",48,522.0833333333334,1760.9716312056737,0.2964745848721491,1081726
"Fairfield County, CT",48,350.5625,1323.6981382978724,0.26483568259058227,916829
"Fairfield County, OH",48,53.375,65.43085106382979,0.8157466872611983,146156
"Faulkner County, AR",48,48.583333333333336,73.99290780141844,0.6565944598868974,113237
"Fayette County, GA",48,41.104166666666664,52.946365248226954,0.7763359481611091,106567
"Fayette County, KY",48,113.41666666666667,155.31205673758865,0.7302502397369743,295803
"Fayette County, PA",48,40.604166666666664,74.49955673758865,0.5450256141749618,136606
"Florence County, SC",48,47.666666666666664,51.758865248226954,0.9209372430802959,136885
"Fond du Lac County, WI",48,34.770833333333336,38.73359929078014,0.8976917707105502,101633
"Forsyth County, GA",48,70.79166666666667,79.18971631205673,0.8939502496473593,175511
"Forsyth County, NC",48,174.39583333333334,355.010195035461,0.4912417608624266,350670
"Fort Bend County, TX",48,307.6041666666667,1443.9889184397164,0.21302391087533026,585375
"Franklin County, MO",48,38.583333333333336,36.248226950354606,1.0644198786930152,101492
"Franklin County, OH",48,643.9166666666666,2947.3120567375886,0.21847590423778368,1163414
"Franklin County, PA",48,60.541666666666664,82.72163120567376,0.7318722537777301,149618
"Frederick County, MD",48,94.9375,149.88962765957447,0.6333827195542819,233385
"Fresno County, CA",48,631.8958333333334,4814.605939716312,0.13124559751001474,930450
"Fulton County, GA",48,527,1670.2553191489362,0.31552062367837763,920581
"Galveston County, TX",48,119.33333333333333,261.16312056737587,0.45693026287203997,291309
"Gaston County, NC",48,96.54166666666667,145.104609929078,0.6653246007404783,206086
"Genesee County, MI",48,161.33333333333334,887.6312056737588,0.18175716705551473,425790
"Gloucester County, NJ",48,103.95833333333333,225.9131205673759,0.46016952478122664,288288
"Grayson County, TX",48,55.875,84.70744680851064,0.6596232339089482,120877
"Greene County, MO",48,113.97916666666667,170.70168439716312,0.6677096776706491,275174
"Greene County, OH",48,51.229166666666664,63.542109929078016,0.8062238840328982,161573
"Greenville County, SC",48,228.54166666666666,320.63652482269504,0.7127748992197479,451225
"Gregg County, TX",48,51.666666666666664,61.333333333333336,0.842391304347826,121730
"Guadalupe County, TX",48,51.041666666666664,69.31737588652483,0.7363473589973142,131533
"Guilford County, NC",48,217.45833333333334,459.4450354609929,0.4733065253717289,488406
"Gwinnett County, GA",48,490.6666666666667,1253.0354609929077,0.39158242678771554,805321
"Hall County, GA",48,100.22916666666667,152.26551418439718,0.658252574153375,179684
"Hamilton County, IN",48,117.75,256.82978723404256,0.45847485709551816,274569
"Hamilton County, OH",48,338.9375,767.719414893617,0.4414861646386351,802374
"Hamilton County, TN",48,123.54166666666667,206.97695035460993,0.596886109564398,336463
"Hampden County, MA",48,200.79166666666666,406.25354609929076,0.49425209599916203,463490
"Hampshire County, MA",48,38.958333333333336,62.508865248226954,0.6232449297971919,158080
"Hampton city, VA",48,69.85416666666667,126.9357269503546,0.5503113138036156,137436
"Hardin County, KY",48,43.208333333333336,93.10460992907801,0.46408371579288155,105543
"Harford County, MD",48,82.6875,156.64494680851064,0.5278657351205888,244826
"Harnett County, NC",48,68.0625,85.54920212765957,0.7955947958279577,114678
"Harris County, TX",48,2539.5833333333335,57760.716312056735,0.04396731023232188,4092459
"Harrison County, MS",48,80.77083333333333,121.15913120567376,0.6666508131047981,187105
"Hartford County, CT",48,314.1666666666667,1085.1205673758866,0.28952235918484726,894014
"Hawaii County, HI",48,94.9375,214.57047872340425,0.4424536896447009,185079
"Hays County, TX",48,86.9375,175.37898936170214,0.4957121734844751,157107
"Henderson County, NC",48,35.416666666666664,51.269503546099294,0.6907940240697191,106740
"Hendricks County, IN",48,49.604166666666664,76.75487588652483,0.6462673034609808,145448
"Hennepin County, MN",48,654.9791666666666,3331.935726950355,0.19657617083332943,1152425
"Henrico County, VA",48,167.3125,286.8151595744681,0.5833460834086747,306935
"Henry County, GA",48,111.8125,193.2619680851064,0.5785540792524754,203922
"Hernando County, FL",48,63.541666666666664,139.70035460992906,0.454842558160196,172778
"Hidalgo County, TX",48,392.2708333333333,3013.73359929078,0.13016108438570886,774769
"Hillsborough County, FL",48,664.375,4851.473404255319,0.13694293354618087,1229226
"Hillsborough County, NH",48,149.58333333333334,253.31205673758865,0.5905101212307865,400721
"Hinds County, MS",48,101.95833333333333,237.14716312056737,0.42993697243385093,245285
"Honolulu County, HI",48,568.5625,2545.910904255319,0.2233238009427926,953207
"Horry County, SC",48,88.27083333333333,142.49955673758865,0.6194463713026356,269291
"Houston County, AL",48,38.458333333333336,50.25354609929078,0.7652859612602759,101547
"Houston County, GA",48,70.27083333333333,61.903812056737586,1.135161648347714,139900
"Howard County, MD",48,117.95833333333333,200.21099290780143,0.589170113089914,287085
"Hudson County, NJ",48,338.2291666666667,654.2229609929078,0.5169937266545026,634266
"Humboldt County, CA",48,59.9375,86.52792553191489,0.6926954463723125,134623
"Hunterdon County, NJ",48,31.875,43.26063829787234,0.7368129841386942,128349
"Imperial County, CA",48,136.52083333333334,279.0208333333333,0.4892854476218921,174528
"Indian River County, FL",48,41.729166666666664,67.90381205673759,0.6145334908708735,138028
"Ingham County, MI",48,113.29166666666667,258.8067375886525,0.43774620290887667,280895
"Iredell County, NC",48,60.291666666666664,73.31737588652483,0.8223380329375347,159437
"Jackson County, MI",48,58.645833333333336,157.8506205673759,0.3715274170132346,160248
"Jackson County, MO",48,306.375,734.1968085106383,0.41729274282940537,674158
"Jackson County, MS",48,44.208333333333336,51.70035460992908,0.85508762303234,139668
"Jackson County, OR",48,68.47916666666667,151.87189716312056,0.4509008443682999,203206
"Jasper County, MO",48,47.708333333333336,101.48758865248227,0.4700903230314995,117404
"Jefferson County, AL",48,327.25,1762.1489361702127,0.18571074968908852,658466
"Jefferson County, CO",48,228.72916666666666,1060.7123226950355,0.2156373238745039,534543
"Jefferson County, KY",48,325.1666666666667,1217.758865248227,0.2670205702837441,741096
"Jefferson County, MO",48,65.89583333333333,92.47828014184397,0.7125547018420081,218733
"Jefferson County, NY",48,72.27083333333333,111.05274822695036,0.6507793322290298,116229
"Jefferson County, TX",48,90.39583333333333,222.92508865248226,0.4054986985975873,252273
"Jefferson Parish, LA",48,188.47916666666666,409.19104609929076,0.4606141030293511,432552
"Johnson County, IA",48,63.4375,104.63430851063829,0.6062781978776133,130882
"Johnson County, IN",48,51.354166666666664,56.78679078014184,0.9043329612601572,139654
"Johnson County, KS",48,247.79166666666666,878.5088652482269,0.28205938092229943,544179
"Johnson County, TX",48,71.54166666666667,76.46631205673759,0.9355971896955504,150934
"Johnston County, NC",48,65.52083333333333,118.21232269503547,0.5542639873709629,168878
"Kalamazoo County, MI",48,124.02083333333333,228.9570035460993,0.5416773953733299,250331
"Kanawha County, WV",36,28.305555555555557,155.98968253968255,0.18145787012775572,193063
"Kane County, IL",48,202.625,450.49468085106383,0.449783335104436,515269
"Kankakee County, IL",48,39.75,50.40425531914894,0.7886238919375264,113449
"Kaufman County, TX",48,50.125,65.77127659574468,0.7621107966033158,103350
"Kendall County, IL",48,43.1875,71.60239361702128,0.6031572105116538,114736
"Kennebec County, ME",48,39.375,65.13297872340425,0.6045324622294814,122151
"Kenosha County, WI",48,60.291666666666664,129.6578014184397,0.46500608530364984,166426
"Kent County, DE",48,68.33333333333333,102.05673758865248,0.6695621959694231,162310
"Kent County, MI",48,352.0833333333333,1804.8439716312057,0.19507688136339166,602622
"Kent County, RI",48,51.875,76.62234042553192,0.6770218674071503,166158
"Kenton County, KY",48,71.8125,114.70877659574468,0.6260418961060039,159720
"Kern County, CA",48,661.5,3491.1063829787236,0.18948147877280871,839631
"King County, WA",48,970.1666666666666,5257.929078014185,0.18451497771686934,1931249
"Kings County, CA",48,108,199.70212765957447,0.5408054549328788,152982
"Kings County, NY",48,1462.9166666666667,11365.18439716312,0.12871913165190943,2504700
"Kitsap County, WA",48,111.66666666666667,198.86524822695034,0.5615192582025679,251133
"Knox County, TN",48,156.4375,213.91090425531914,0.731320829784721,432226
"Kootenai County, ID",48,51.416666666666664,76.33333333333333,0.6735807860262009,138494
"La Crosse County, WI",48,47.125,94.87765957446808,0.49669226887929585,114638
"Lackawanna County, PA",48,75.5,183.70212765957447,0.4109914292332638,214437
"Lafayette Parish, LA",48,95,176.4255319148936,0.5384708152436083,221578
"Lake County, FL",48,103.64583333333333,161.12721631205673,0.6432546636478929,297052
"Lake County, IL",48,238.125,639.9414893617021,0.37210433134678206,703462
"Lake County, IN",48,198,247.95744680851064,0.7985241118929123,496005
"Lake County, OH",48,67.10416666666667,107.92508865248227,0.6217661482099073,230041
"Lancaster County, NE",48,124.89583333333333,192.64849290780143,0.6483094232826754,285407
"Lancaster County, PA",48,201.33333333333334,342.09929078014187,0.5885230947839788,519445
"Lane County, OR",48,94.33333333333333,176.78014184397162,0.5336195137607318,351715
"Larimer County, CO",48,135.72916666666666,406.28679078014187,0.3340723098726465,299630
"LaSalle County, IL",48,41.729166666666664,60.24423758865248,0.6926665244167138,113924
"Lebanon County, PA",48,52.4375,94.50664893617021,0.5548551407786799,133568
"Lee County, AL",48,60.5,93.70212765957447,0.6456630336058129,140247
"Lee County, FL",48,269.5833333333333,672.9290780141844,0.4006118061191151,618754
"Lehigh County, PA",48,160.89583333333334,278.35062056737587,0.5780329607506223,349497
"Leon County, FL",48,132.35416666666666,257.76551418439715,0.5134673157712818,275487
"Lexington County, SC",48,99.9375,193.59175531914894,0.5162280792136337,262391
"Licking County, OH",48,64.1875,109.64494680851064,0.5854122954895516,166492
"Linn County, IA",48,85.22916666666667,199.79742907801418,0.42657789472049484,211226
"Linn County, OR",48,47.541666666666664,70.59397163120568,0.6734522165013186,116672
"Litchfield County, CT",48,45.125,47.26063829787234,0.9548114800225098,189927
"Livingston County, MI",48,64.27083333333333,90.79742907801419,0.7078486030492239,180967
"Livingston Parish, LA",48,57.5,90.76595744680851,0.633497421472105,128026
"Lorain County, OH",48,110.25,266.9574468085106,0.41298716824738985,301356
"Los Angeles County, CA",48,4952.208333333333,174435.0620567376,0.028389982351842508,9818605
"Loudoun County, VA",48,180.41666666666666,413.09929078014187,0.43673923120504055,312311
"Lowndes County, GA",48,49.083333333333336,71.60992907801419,0.6854263642666139,109233
"Lubbock County, TX",48,153.97916666666666,411.04210992907804,0.37460679319020257,278831
"Lucas County, OH",48,170.14583333333334,294.6378546099291,0.577474450995407,441815
"Luzerne County, PA",48,115.4375,200.71941489361703,0.5751187550102358,320918
"Lycoming County, PA",48,44.8125,60.453457446808514,0.7412727392710234,116111
"Macomb County, MI",48,319.5416666666667,904.8918439716313,0.3531269165430609,840978
"Macon County, IL",48,39.583333333333336,61.60992907801418,0.6424830206055026,110768
"Madera County, CA",48,89.60416666666667,218.07402482269504,0.41088876467300167,150865
"Madison County, AL",48,114.22916666666667,133.79742907801418,0.8537470970392286,334811
"Madison County, IL",48,78.14583333333333,124.76551418439716,0.6263416124574112,269282
"Madison County, IN",48,41.8125,47.21941489361702,0.8854938184685572,131636
"Mahoning County, OH",48,68.64583333333333,94.8293439716312,0.7238880968518475,238823
"Manatee County, FL",48,129.77083333333334,142.47828014184398,0.9108113405365381,322833
"Marathon County, WI",48,50.479166666666664,42.08466312056738,1.1994670486502428,134063
"Maricopa County, AZ",48,2005.5,22108.127659574468,0.09071324496045548,3817117
"Marin County, CA",48,102.91666666666667,193.52482269503545,0.5318008575512149,252409
"Marion County, FL",48,119.10416666666667,584.0953014184397,0.20391221497147724,331298
"Marion County, IN",48,495.3333333333333,2178.6524822695037,0.22735766138220642,903393
"Marion County, OR",48,155.5625,429.5279255319149,0.3621708642281079,315335
"Martin County, FL",48,44.520833333333336,58.339982269503544,0.7631273031189455,146318
"Maui County, HI",48,83.58333333333333,266.54609929078015,0.3135792778649921,154834
"McHenry County, IL",48,97.25,231.68085106382978,0.41975847185232806,308760
"McLean County, IL",48,56.75,92.40425531914893,0.6141492056182363,169572
"McLennan County, TX",48,119.85416666666667,270.42508865248226,0.44320653554703576,234906
"Mecklenburg County, NC",48,597.1041666666666,2672.7761524822695,0.2234022352048158,919628
"Medina County, OH",48,54.375,101.17553191489361,0.5374323116555386,172332
"Merced County, CA",48,156.375,334.49468085106383,0.4674962232646895,255793
"Mercer County, NJ",48,155.8125,214.19813829787233,0.7274222887190599,366513
"Mercer County, PA",48,33.041666666666664,78.6790780141844,0.4199549295774648,116638
"Merrimack County, NH",48,46.229166666666664,60.09530141843972,0.7692642448829061,146445
"Mesa County, CO",48,64.22916666666667,187.24423758865248,0.34302346226412866,146723
"Miami County, OH",48,39.479166666666664,43.446365248226954,0.9086874457991122,102506
"Miami-Dade County, FL",48,1009.875,6474.70744680851,0.1559722980993966,2496435
"Middlesex County, CT",48,41.395833333333336,38.967641843971634,1.0623130211236365,165676
"Middlesex County, MA",48,654.2916666666666,4474.934397163121,0.1462125717600361,1503085
"Middlesex County, NJ",48,305.1041666666667,1184.1804078014184,0.25765007143897223,809858
"Midland County, TX",48,87.70833333333333,132.59397163120568,0.6614805503924688,136872
"Milwaukee County, WI",48,501.2916666666667,2378.6790780141846,0.2107437154091273,947735
"Minnehaha County, SD",48,106.16666666666667,147.5886524822695,0.7193416626621817,169468
"Missoula County, MT",48,34.333333333333336,69.41843971631205,0.49458520637515335,109299
"Mobile County, AL",48,193.95833333333334,684.9769503546099,0.2831603796783554,412992
"Mohave County, AZ",48,60.6875,74.73005319148936,0.8120896133245546,200186
"Monmouth County, NJ",48,213.85416666666666,458.5953014184397,0.466324373593043,630380
"Monroe County, IN",48,48.041666666666664,115.31737588652483,0.41660388382355196,137974
"Monroe County, MI",48,44.5625,71.78324468085107,0.6207925010651896,152021
"Monroe County, NY",48,280.0833333333333,549.7801418439716,0.5094460712857493,744344
"Monroe County, PA",48,53.916666666666664,93.60992907801419,0.5759716645200393,169842
"Monterey County, CA",48,247.8125,478.4534574468085,0.517944841118742,415057
"Montgomery County, AL",48,94.29166666666667,145.14716312056737,0.6496280370863516,229363
"Montgomery County, MD",48,471.5416666666667,1566.849290780142,0.3009489613591897,971777
"Montgomery County, OH",48,206.58333333333334,360.63120567375887,0.5728382072410471,535153
"Montgomery County, PA",48,335.625,1327.686170212766,0.25278940726347626,799874
"Montgomery County, TN",48,113.6875,254.55984042553192,0.44660422402039396,172331
"Montgomery County, TX",48,237.125,684.1117021276596,0.346617371494328,455746
"Morgan County, AL",48,39.8125,55.64494680851064,0.7154737722547496,119490
"Morris County, NJ",48,149.83333333333334,341.41843971631204,0.438855421686747,492276
"Multnomah County, OR",48,279.6875,1219.410904255319,0.22936280053260807,735334
"Muscogee County, GA",48,125.77083333333333,283.07402482269504,0.444303688450788,189885
"Muskegon County, MI",48,71.8125,83.00664893617021,0.8651415389051762,172188
"Napa County, CA",48,55.0625,84.48537234042553,0.6517400406088175,136484
"Nassau County, NY",48,353.2708333333333,3569.73359929078,0.09896280030630848,1339532
"Navajo County, AZ",48,53.958333333333336,75.74290780141844,0.7123879304290831,107449
"New Castle County, DE",48,190.75,508.1063829787234,0.3754135086470416,538479
"New Hanover County, NC",48,74.52083333333333,155.65913120567376,0.47874373161487266,202667
"New Haven County, CT",48,301.875,831.218085106383,0.36317183830446215,862477
"New London County, CT",48,89.89583333333333,143.49955673758865,0.6264537353081996,274055
"New York County, NY",48,577.125,2292.154255319149,0.25178279282937865,1585873
"Newport News city, VA",48,118.6875,156.30452127659575,0.7593350405390459,180719
"Niagara County, NY",48,56.333333333333336,96.18439716312056,0.5856805780858281,216469
"Norfolk city, VA",48,140.54166666666666,512.636524822695,0.274154610257776,242803
"Norfolk County, MA",48,286.9375,930.9109042553191,0.3082330421615753,670850
"Northampton County, PA",48,93.8125,160.4534574468085,0.5846711033391071,297735
"Nueces County, TX",48,125.16666666666667,144.52482269503545,0.8660565315536364,340223
"Oakland County, MI",48,532.5416666666666,2590.3386524822695,0.20558766173540385,1202362
"Ocean County, NJ",48,424.8958333333333,828.2655141843971,0.51299471734222,576567
"Okaloosa County, FL",48,82.47916666666667,232.42508865248226,0.35486344071051645,180822
"Oklahoma County, OK",48,388.75,1040.1489361702127,0.3737445537668501,718633
"Olmsted County, MN",48,81.02083333333333,169.8506205673759,0.47701228916731686,144248
"Oneida County, NY",48,80.35416666666667,144.91445035460993,0.5544938166624354,234878
"Onondaga County, NY",48,191.375,580.4521276595744,0.32969988545246276,467026
"Onslow County, NC",48,141.14583333333334,341.3612588652482,0.4134793555734174,177772
"Ontario County, NY",48,33.333333333333336,52.141843971631204,0.6392818280739936,107931
"Orange County, CA",48,1578.9375,13990.059840425532,0.1128613828682504,3010232
"Orange County, FL",48,619.5208333333334,2145.659131205674,0.2887321775967353,1145956
"Orange County, NC",48,43.208333333333336,76.72163120567376,0.5631831942871669,133801
"Orange County, NY",48,204.10416666666666,387.54210992907804,0.5266631972046047,372813
"Orleans Parish, LA",48,178.4375,375.6130319148936,0.4750567334959517,343829
"Osceola County, FL",48,168.47916666666666,293.4889184397163,0.5740563138204923,268685
"Oswego County, NY",48,38.291666666666664,57.062056737588655,0.6710530404250691,122109
"Ottawa County, MI",48,118.625,307.3031914893617,0.386019420836723,263801
"Ouachita Parish, LA",48,74.16666666666667,120.01418439716312,0.6179825079777804,153720
"Outagamie County, WI",48,79.14583333333333,196.29742907801418,0.40319342797851176,176695
"Palm Beach County, FL",48,596.9166666666666,2912.673758865248,0.204937701948199,1320134
"Parker County, TX",48,43.020833333333336,46.31870567375886,0.9288004210727787,116927
"Pasco County, FL",48,171.79166666666666,297.87056737588654,0.5767325995988071,464697
"Passaic County, NJ",48,203.5,361.1489361702128,0.5634794391422175,501226
"Paulding County, GA",48,53.083333333333336,56.54609929078014,0.9387620719929763,142324
"Pennington County, SD",48,61.145833333333336,99.44636524822695,0.6148624253959198,100948
"Penobscot County, ME",48,49.520833333333336,94.16976950354609,0.5258676281613768,153923
"Peoria County, IL",48,87.79166666666667,193.57269503546098,0.45353331806732317,186494
"Philadelphia County, PA",48,760.4791666666666,15636.169769503545,0.04863589855297485,1526006
"Pickens County, SC",48,42.583333333333336,64.58865248226951,0.6593005380476556,119224
"Pierce County, WA",48,474.7916666666667,1888.4663120567375,0.251416540308611,795225
"Pima County, AZ",48,377.7708333333333,1159.542109929078,0.32579311272829864,980263
"Pinal County, AZ",48,166.3125,357.62367021276594,0.4650489155291467,375770
"Pinellas County, FL",48,347.4583333333333,942.5088652482269,0.3686525890043738,916542
"Pitt County, NC",48,73.85416666666667,161.6165780141844,0.4569714788799996,168148
"Placer County, CA",48,151.875,293.0904255319149,0.5181847879348832,348432
"Plymouth County, MA",48,202.89583333333334,529.7974290780141,0.38296870123817905,494919
"Polk County, FL",48,298.8333333333333,771.2907801418439,0.38744574812417243,602095
"Polk County, IA",48,228.47916666666666,623.9995567375887,0.36615277078273517,430640
"Portage County, OH",48,46.708333333333336,54.976950354609926,0.8495984777630858,161419
"Porter County, IN",48,57.479166666666664,111.36125886524823,0.5161504750608006,164343
"Potter County, TX",48,67.27083333333333,106.92508865248227,0.629139841557397,121073
"Prince George's County, MD",48,470.1666666666667,1326.2695035460993,0.35450311223289344,863420
"Prince William County, VA",48,255.0625,505.8045212765957,0.5042708976903764,402002
"Providence County, RI",48,265.0208333333333,756.0208333333334,0.3505469977128055,626667
"Pueblo County, CO",48,60.479166666666664,91.95700354609929,0.6576896194355403,159063
"Pulaski County, AR",48,231.29166666666666,2146.3386524822695,0.1077610312795582,382748
"Queens County, NY",48,912.6666666666666,8752.609929078015,0.10427365940696107,2230722
"Racine County, WI",48,76.83333333333333,125.12056737588652,0.6140743679854891,195408
"Ramsey County, MN",48,322.2916666666667,985.7429078014185,0.3269530666829748,508640
"Randall County, TX",48,53.25,83.38297872340425,0.6386195458025007,120725
"Randolph County, NC",48,49.333333333333336,49.63120567375886,0.9939982852243499,141752
"Rankin County, MS",48,54.145833333333336,131.0633865248227,0.4131270736169968,141617
"Rapides Parish, LA",48,50.4375,85.44281914893617,0.5903070673742861,131613
"Rensselaer County, NY",48,57.8125,83.77260638297872,0.690112227566392,159429
"Richland County, OH",48,36.333333333333336,36.95035460992908,0.9833013435700576,124475
"Richland County, SC",48,156.47916666666666,322.1697695035461,0.4857040649959068,384504
"Richmond city, VA",48,138.58333333333334,217.1418439716312,0.6382156971617076,204214
"Richmond County, GA",48,115.52083333333333,210.68040780141843,0.5483226206882041,200549
"Richmond County, NY",48,166.10416666666666,349.92508865248226,0.4746849312986189,468730
"Riverside County, CA",48,1294.7291666666667,13453.222960992907,0.0962393301902959,2189641
"Robeson County, NC",48,74.52083333333333,188.5953014184397,0.39513621374899816,134168
"Rock County, WI",48,62.958333333333336,93.74290780141844,0.6716063626562766,160331
"Rock Island County, IL",48,60.75,69.08510638297872,0.8793501693871266,147546
"Rockingham County, NH",48,92.0625,116.35771276595744,0.7912023862584427,295223
"Rockland County, NY",48,266.9166666666667,428.290780141844,0.6232136647402673,311687
"Rowan County, NC",48,53.083333333333336,90.37588652482269,0.5873616887703054,138428
"Rutherford County, TN",48,112.89583333333333,171.62721631205673,0.6577967979627626,262604
"Sacramento County, CA",48,813.7291666666666,3217.0527482269504,0.2529424384213613,1418788
"Saginaw County, MI",48,84.08333333333333,115.35460992907801,0.7289117737473102,200169
"Saline County, AR",48,53.541666666666664,127.95567375886525,0.41843917580057366,107118
"Salt Lake County, UT",48,755.1041666666666,5167.754875886525,0.1461184179207279,1029655
"San Bernardino County, CA",48,1218.0416666666667,8707.913120567377,0.13987756306269894,2035210
"San Diego County, CA",48,1780.25,20920.91489361702,0.08509427092708814,3095313
"San Francisco County, CA",48,377.25,1788.787234042553,0.21089707753975712,805235
"San Joaquin County, CA",48,473.5833333333333,1347.6099290780141,0.35142463936678014,685306
"San Juan County, NM",48,60.895833333333336,105.49955673758865,0.5772141155512234,130044
"San Luis Obispo County, CA",48,97.33333333333333,300.01418439716315,0.3244291050068554,269637
"San Mateo County, CA",48,371.25,1706.7021276595744,0.2175247771613788,718451
"Sandoval County, NM",48,40.479166666666664,80.80806737588652,0.5009297707662518,131561
"Sangamon County, IL",48,60.9375,122.99601063829788,0.49544289838149913,197465
"Santa Barbara County, CA",48,202.54166666666666,586.7641843971631,0.34518409959659746,423895
"Santa Clara County, CA",48,977.5208333333334,4626.978280141844,0.2112654899480891,1781642
"Santa Cruz County, CA",48,114.22916666666667,298.69104609929076,0.38243251064410766,262382
"Santa Fe County, NM",48,30.395833333333332,53.05274822695036,0.5729360749287725,144170
"Santa Rosa County, FL",48,56.604166666666664,91.05274822695036,0.6216634617725093,151372
"Sarasota County, FL",48,106.4375,176.54920212765958,0.602877264339246,379448
"Saratoga County, NY",48,72.33333333333333,173.84397163120568,0.4160819190600522,219607
"Sarpy County, NE",48,72.39583333333333,120.66976950354609,0.5999500424272034,158840
"Schenectady County, NY",48,53.645833333333336,89.42508865248227,0.599896898529317,154727
"Schuylkill County, PA",48,44.3125,54.432180851063826,0.8140864339286151,148289
"Scott County, IA",48,87.33333333333333,168.65248226950354,0.5178301093355762,165224
"Scott County, MN",48,69.89583333333333,157.15913120567376,0.44474560782510836,129928
"Sebastian County, AR",48,54,76.17021276595744,0.7089385474860336,125744
"Sedgwick County, KS",48,225.20833333333334,619.3173758865248,0.36363961694269886,498365
"Seminole County, FL",48,166.125,232.4095744680851,0.7147941317831231,422718
"Shasta County, CA",48,72.22916666666667,129.20168439716312,0.5590419893028314,177223
"Shawnee County, KS",48,65.14583333333333,90.63785460992908,0.7187486245531325,177934
"Sheboygan County, WI",48,39.833333333333336,36.141843971631204,1.1021389324960755,115507
"Shelby County, AL",48,73.27083333333333,145.18040780141843,0.50468816311327,195085
"Shelby County, TN",48,473.2291666666667,906.2229609929078,0.522199488466029,927644
"Skagit County, WA",48,52.854166666666664,59.23359929078014,0.8923004392693312,116901
"Smith County, TX",48,94.375,719.0053191489362,0.13125772158641147,209714
"Snohomish County, WA",48,367.3541666666667,1008.7867907801418,0.3641544179841754,713335
"Solano County, CA",48,227.10416666666666,468.39317375886526,0.4848579769943077,413344
"Somerset County, NJ",48,106.5625,171.31515957446808,0.6220260966086828,323444
"Sonoma County, CA",48,227.85416666666666,621.8718971631206,0.36640048811676595,483878
"Spartanburg County, SC",48,127.5,187.7872340425532,0.6789598912304554,284307
"Spokane County, WA",48,202.25,446.02127659574467,0.45345370414539904,471221
"Spotsylvania County, VA",48,59.4375,77.65558510638297,0.7653989074781239,122397
"St. Charles County, MO",48,119.64583333333333,192.74423758865248,0.6207492106128588,360485
"St. Clair County, IL",48,94,135.14893617021278,0.695528967254408,270056
"St. Clair County, MI",48,44.1875,56.921542553191486,0.7762878168438268,163040
"St. Johns County, FL",48,72.97916666666667,78.91445035460993,0.9247883795518759,190039
"St. Joseph County, IN",48,130.75,197.93617021276594,0.6605664839299151,266931
"St. Lawrence County, NY",48,27.416666666666668,27.22695035460993,1.006967960406356,111944
"St. Louis city, MO",48,133.0625,247.80452127659575,0.5369655860777358,319294
"St. Louis County, MN",48,76.5625,151.01728723404256,0.5069783824241624,200226
"St. Louis County, MO",48,338.875,917.218085106383,0.36945957074177815,998954
"St. Lucie County, FL",48,110.77083333333333,153.79742907801418,0.7202385241247726,277789
"St. Mary's County, MD",48,53.979166666666664,80.27615248226951,0.6724184580045609,105151
"St. Tammany Parish, LA",48,82.70833333333333,145.18971631205673,0.5696569663072283,233740
"Stafford County, VA",48,68.45833333333333,88.80673758865248,0.7708686884820412,128961
"Stanislaus County, CA",48,314.125,653.7287234042553,0.48051277044124946,514453
"Stark County, OH",48,122.79166666666667,220.72163120567376,0.5563191337248067,375586
"Stearns County, MN",48,75.75,142.06382978723406,0.5332110229144825,150642
"Strafford County, NH",48,39.479166666666664,36.63785460992908,1.0775512673159517,123143
"Suffolk County, MA",48,371.7708333333333,1049.5846631205675,0.3542075702859498,722023
"Suffolk County, NY",48,437.6666666666667,2868.22695035461,0.15259136541219526,1493350
"Sullivan County, TN",48,40.791666666666664,43.35992907801418,0.940768758945001,156823
"Summit County, OH",48,185.35416666666666,409.6378546099291,0.452483003171587,541781
"Sumner County, TN",48,58.645833333333336,81.25487588652483,0.721751558826257,160645
"Sumter County, SC",48,46.916666666666664,97.56737588652483,0.48086428727193425,107456
"Sussex County, DE",48,83.3125,120.77260638297872,0.6898294447319453,197145
"Sussex County, NJ",48,35.958333333333336,51.14716312056738,0.7030367109231462,149265
"Tangipahoa Parish, LA",48,62.6875,94.13430851063829,0.6659367980900988,121097
"Tarrant County, TX",48,980.5833333333334,6409.397163120568,0.1529915073722648,1809034
"Taylor County, TX",48,51.5625,58.889627659574465,0.8755786383651349,131506
"Tazewell County, IL",48,49.8125,45.60239361702128,1.0923220482314175,135394
"Terrebonne Parish, LA",48,44.0625,50.14494680851064,0.8787026969688934,111860
"Thurston County, WA",48,117.5,241.70212765957447,0.4861355633802817,252264
"Tippecanoe County, IN",48,82.97916666666667,202.65913120567376,0.4094519016883239,172780
"Tolland County, CT",48,39.291666666666664,61.487588652482266,0.6390178494189567,152691
"Tom Green County, TX",48,45.458333333333336,68.42375886524823,0.6643647482573657,110224
"Tompkins County, NY",48,29.395833333333332,37.26551418439716,0.7888213533798812,101564
"Travis County, TX",48,612.75,1508.7446808510638,0.40613233489867584,1024266
"Trumbull County, OH",48,59.395833333333336,65.52083333333333,0.9065182829888713,210312
"Tulare County, CA",48,286.1458333333333,809.0208333333334,0.35369402312466197,442179
"Tulsa County, OK",48,298,967.7021276595744,0.30794600061562816,603403
"Tuscaloosa County, AL",48,86,109.06382978723404,0.7885290674990246,194656
"Ulster County, NY",48,47,75.95744680851064,0.6187675070028011,182493
"Union County, NC",48,89.70833333333333,178.42375886524823,0.5027824427860201,201292
"Union County, NJ",48,245.97916666666666,417.85062056737587,0.588677279772052,536499
"Utah County, UT",48,569.9166666666666,2307.482269503546,0.24698636873568872,516564
"Vanderburgh County, IN",48,55.0625,73.0811170212766,0.7534436013610641,179703
"Ventura County, CA",48,360.9375,1070.9534574468084,0.33702445002651,823318
"Vigo County, IN",48,33.75,52.57446808510638,0.6419465803318495,107848
"Virginia Beach city, VA",48,217.72916666666666,1143.2229609929077,0.1904520588683465,437994
"Volusia County, FL",48,179.29166666666666,319.3173758865248,0.5614842166634276,494593
"Wake County, NC",48,491.8333333333333,2260.695035460993,0.21755846127783457,900993
"Walworth County, WI",48,30.5,38.8936170212766,0.7841903719912472,102228
"Warren County, KY",48,64.83333333333333,107.20567375886525,0.6047565493516803,113792
"Warren County, NJ",48,29.375,52.409574468085104,0.5604891911093068,108692
"Warren County, OH",48,66.375,99.6436170212766,0.6661239523834943,212693
"Washington County, AR",48,113.45833333333333,214.55141843971631,0.5288165147470807,203065
"Washington County, MD",48,57.104166666666664,57.414450354609926,0.9945957213553931,147430
"Washington County, MN",48,113.60416666666667,258.03147163120565,0.4402725215978177,238136
"Washington County, OR",48,234.77083333333334,855.542109929078,0.27441178009670986,529710
"Washington County, PA",48,69.89583333333333,96.35062056737588,0.72543210330915,207820
"Washington County, RI",48,30.833333333333332,42.56737588652482,0.7243418860379873,126979
"Washington County, TN",48,40.416666666666664,45.226950354609926,0.8936412106005959,122979
"Washington County, UT",48,112.95833333333333,156.3386524822695,0.7225233909838389,138115
"Washington County, WI",48,42.166666666666664,51.673758865248224,0.8160170189404337,131887
"Washoe County, NV",48,204.72916666666666,417.9889184397163,0.4897956803038867,421407
"Washtenaw County, MI",48,136.8125,287.85771276595744,0.47527821535647136,344791
"Waukesha County, WI",48,133.77083333333334,371.62721631205676,0.3599597323921655,389891
"Wayne County, MI",48,950.25,6152.95744680851,0.15443792813696233,1820584
"Wayne County, NC",48,71.22916666666667,91.79742907801419,0.7759385789130592,122623
"Wayne County, OH",48,46.145833333333336,36.893173758865245,1.2507959774603215,114520
"Webb County, TX",48,170.52083333333334,548.510195035461,0.31087997064905826,250304
"Weber County, UT",48,184.27083333333334,407.0953014184397,0.4526479001140018,231236
"Weld County, CO",48,183.1875,322.32579787234044,0.5683302460095137,252825
"Westchester County, NY",48,355.0416666666667,1032.8918439716313,0.3437355699329329,949113
"Westmoreland County, PA",48,111.6875,253.53856382978722,0.4405148404760282,365169
"Whatcom County, WA",48,87.64583333333333,119.25487588652483,0.734945491174142,201140
"Whitfield County, GA",48,47.708333333333336,42.593971631205676,1.1200724305873537,102599
"Wichita County, TX",48,47.270833333333336,93.69104609929079,0.5045394976510051,131500
"Will County, IL",48,231.89583333333334,902.3931737588653,0.25697870958773433,677560
"Williamson County, TN",48,66.54166666666667,138.80673758865248,0.47938355027015983,183182
"Williamson County, TX",48,227.6875,432.7726063829787,0.5261134753952281,422679
"Wilson County, TN",48,47.145833333333336,82.16976950354609,0.5737612946729603,113993
"Windham County, CT",48,34.208333333333336,55.7854609929078,0.6132123446588056,118428
"Winnebago County, IL",48,110.72916666666667,176.07402482269504,0.6288784889092525,295266
"Winnebago County, WI",48,61.125,99.43085106382979,0.6147488364628471,166994
"Wood County, OH",48,36.833333333333336,49.50354609929078,0.744054441260745,125488
"Woodbury County, IA",48,44.166666666666664,47.205673758865245,0.9356219951923077,102172
"Worcester County, MA",48,307.75,967.2978723404256,0.31815432329586696,798552
"Wright County, MN",48,64.33333333333333,116.86524822695036,0.550491564510256,124700
"Wyandotte County, KS",48,106.08333333333333,317.09929078014187,0.33454295363557063,157505
"Yakima County, WA",48,168.0625,404.655585106383,0.41532232887831455,243231
"Yavapai County, AZ",48,60.708333333333336,80.08333333333333,0.7580645161290324,211033
"Yellowstone County, MT",48,68.66666666666667,71.9290780141844,0.9546440544271347,147972
"Yolo County, CA",48,99.70833333333333,267.7003546099291,0.3724624626613592,200849
"York County, ME",48,64.375,96.19680851063829,0.6692009952999723,197131
"York County, PA",48,178.79166666666666,338.76418439716315,0.5277761785379691,434972
"York County, SC",48,95.875,134.9627659574468,0.7103811137823671,226073
"Yuma County, AZ",48,108.5625,354.2938829787234,0.3064193462423385,195751
