County,Year,January,February,March,April,May,June,July,August,September,October,November,December
Anderson,2010,138,113,169,169,155,152,165,176,178,169,179,152
Bedford,2010,71,72,77,70,87,99,90,91,86,118,105,95
Benton,2010,21,23,27,32,34,29,16,43,31,50,29,36
Bledsoe,2010,5,1,3,3,5,1,7,4,3,6,4,3
Blount,2010,126,159,171,145,153,139,201,264,338,267,316,269
Bradley,2010,201,197,203,241,253,226,216,186,179,264,240,251
Campbell,2010,93,84,81,91,76,107,119,76,103,95,79,87
Cannon,2010,29,23,24,18,29,27,27,14,29,15,21,28
Carroll,2010,38,39,39,36,53,29,34,38,40,48,52,53
Carter,2010,82,110,104,89,95,113,74,110,108,109,111,158
Cheatham,2010,70,51,51,73,73,85,69,59,76,77,80,98
Chester,2010,23,30,29,18,25,19,29,35,29,30,33,37
Claiborne,2010,40,34,45,61,56,52,49,47,57,48,49,46
Clay,2010,6,7,6,9,11,12,5,8,10,5,3,4
Cocke,2010,69,70,81,99,96,76,90,96,79,86,96,120
Coffee,2010,75,70,110,125,134,140,117,99,120,103,109,125
Crockett,2010,17,14,15,12,23,17,17,20,20,28,15,18
Cumberland,2010,119,69,87,121,111,114,128,141,132,130,162,151
Davidson,2010,1888,1493,1570,1704,1955,1899,1692,1855,1789,1868,1984,2076
Decatur,2010,25,18,21,19,19,16,14,25,21,17,22,21
DeKalb,2010,24,25,25,25,29,27,53,34,25,28,33,27
Dickson,2010,133,98,104,103,102,109,102,110,85,112,129,160
Dyer,2010,56,64,71,85,78,87,73,60,65,91,78,75
Fayette,2010,45,45,43,53,61,39,43,46,43,46,66,53
Fentress,2010,8,9,7,9,9,6,7,8,23,18,12,8
Franklin,2010,38,39,51,36,43,32,32,27,44,52,46,69
Gibson,2010,82,65,67,76,74,64,58,58,71,92,79,82
Giles,2010,50,41,37,37,36,48,33,45,40,51,50,42
Grainger,2010,19,15,27,30,29,31,24,28,51,30,32,38
Greene,2010,167,154,156,160,177,148,150,157,168,191,196,203
Grundy,2010,25,16,15,19,25,18,21,27,20,20,31,28
Hamblen,2010,130,123,140,135,141,141,144,132,154,146,149,152
Hamilton,2010,821,699,841,916,900,838,767,800,946,897,947,903
Hancock,2010,9,5,4,6,12,8,9,9,7,10,15,10
Hardeman,2010,27,21,38,39,30,27,40,33,35,26,28,40
Hardin,2010,73,43,59,47,70,56,61,56,57,74,55,84
Hawkins,2010,74,79,92,76,78,85,90,86,95,78,99,89
Haywood,2010,45,38,27,26,53,39,36,34,25,46,38,46
Henderson,2010,78,72,45,69,71,58,60,83,61,75,70,89
Henry,2010,38,42,42,52,39,38,50,39,56,35,44,37
Hickman,2010,46,57,41,32,41,38,52,37,36,35,53,57
Houston,2010,12,9,18,8,6,7,5,9,11,13,8,8
Humphreys,2010,49,23,29,34,31,39,34,34,33,40,29,23
Jackson,2010,22,13,20,24,26,21,17,19,14,20,18,17
Jefferson,2010,95,77,79,93,89,95,94,94,109,102,77,117
Johnson,2010,20,28,25,20,26,26,22,34,26,28,41,59
Knox,2010,894,858,1027,1110,1058,974,906,1005,1177,1156,1149,940
Lake,2010,1,2,0,2,2,0,1,1,2,4,2,2
Lauderdale,2010,30,16,28,26,22,21,32,21,31,27,32,27
Lawrence,2010,78,56,51,70,77,62,66,80,64,73,88,81
Lewis,2010,21,11,14,16,22,22,18,21,18,23,21,16
Lincoln,2010,61,60,72,61,67,69,59,66,69,76,61,61
Loudon,2010,87,74,96,113,118,97,112,95,121,124,116,103
Macon,2010,28,33,23,29,28,28,31,32,33,28,53,39
Madison,2010,248,274,232,257,297,269,235,254,271,309,310,365
Marion,2010,62,45,53,60,56,72,69,62,38,46,59,58
Marshall,2010,44,51,61,54,52,66,63,48,41,63,62,54
Maury,2010,153,151,166,165,169,172,154,164,159,202,220,213
McMinn,2010,130,94,102,126,134,108,107,96,123,121,133,120
McNairy,2010,48,41,35,38,42,45,41,45,29,53,47,62
Meigs,2010,11,8,10,14,18,12,17,15,16,11,18,14
Monroe,2010,59,59,73,75,81,64,84,83,92,84,71,89
Montgomery,2010,321,315,290,300,298,267,330,377,430,450,437,424
Moore,2010,12,6,15,8,7,8,13,5,7,6,6,15
Morgan,2010,43,37,28,30,28,34,32,36,30,52,37,24
Obion,2010,48,72,41,51,63,63,50,43,45,62,52,61
Overton,2010,50,29,32,44,34,35,45,42,34,43,56,45
Perry,2010,21,14,10,22,18,18,17,10,15,17,13,15
Pickett,2010,8,4,2,6,7,10,3,6,5,11,7,4
Polk,2010,11,25,24,21,31,18,30,26,32,23,18,29
Putnam,2010,180,154,169,166,179,170,177,194,174,209,220,193
Rhea,2010,27,28,29,27,33,29,41,39,35,37,36,27
Roane,2010,89,62,98,89,84,108,111,99,101,119,120,74
Robertson,2010,140,120,102,113,129,102,127,112,130,119,129,158
Rutherford,2010,599,488,527,575,553,573,525,633,651,651,691,744
Scott,2010,10,5,8,6,9,11,10,6,39,14,8,8
Sequatchie,2010,15,17,16,21,18,28,30,21,13,28,33,19
Sevier,2010,160,172,192,226,244,306,320,242,304,326,303,249
Shelby,2010,2007,1919,2352,2195,2528,2191,2268,2217,2278,2425,2507,2477
Smith,2010,51,28,50,46,40,49,47,50,53,44,42,48
Stewart,2010,15,9,15,19,29,21,16,19,12,21,24,22
Sullivan,2010,295,279,274,328,295,298,311,351,318,333,396,447
Sumner,2010,269,225,272,206,299,245,258,263,258,283,299,291
Tipton,2010,54,56,64,52,104,75,82,74,91,108,86,107
Trousdale,2010,20,17,22,17,29,15,20,15,12,20,27,14
Unicoi,2010,26,19,31,32,30,31,21,34,29,28,26,40
Union,2010,14,22,20,32,24,14,20,15,23,13,20,15
VanBuren,2010,11,10,12,6,13,21,18,11,10,13,11,13
Warren,2010,84,71,70,78,72,75,76,84,66,73,94,82
Washington,2010,280,258,312,293,289,263,278,318,327,371,348,433
Wayne,2010,35,18,19,24,23,26,26,22,18,31,22,26
Weakley,2010,41,39,50,50,27,33,35,39,48,56,56,48
White,2010,45,32,38,38,41,29,34,33,41,36,49,49
Williamson,2010,300,252,239,267,296,303,266,288,297,298,402,347
Wilson,2010,211,193,207,223,215,187,216,237,243,235,252,238
Anderson,2011,119,113,128,136,156,153,137,170,161,177,182,173
Bedford,2011,91,65,65,80,81,101,96,71,88,81,103,91
Benton,2011,25,24,17,20,23,24,18,24,33,29,34,33
Bledsoe,2011,4,6,6,4,6,6,5,5,15,10,8,10
Blount,2011,194,223,269,275,273,267,255,272,297,349,301,332
Bradley,2011,195,202,204,259,236,214,201,240,236,274,298,254
Campbell,2011,86,66,73,84,87,83,69,75,91,83,80,104
Cannon,2011,25,16,18,20,22,22,9,17,21,20,16,14
Carroll,2011,38,38,40,43,37,39,43,25,48,35,57,28
Carter,2011,107,78,80,91,78,110,100,86,99,109,134,133
Cheatham,2011,81,71,48,82,55,57,58,76,68,84,88,74
Chester,2011,25,30,20,30,33,24,28,25,27,29,36,33
Claiborne,2011,43,38,45,40,44,54,43,41,39,53,49,38
Clay,2011,9,6,14,9,8,7,9,10,7,15,9,14
Cocke,2011,92,84,67,68,95,62,94,67,87,90,108,84
Coffee,2011,97,66,119,108,82,116,101,82,122,137,125,131
Crockett,2011,16,19,10,12,22,14,18,24,16,27,33,13
Cumberland,2011,134,109,123,116,130,118,101,118,130,118,160,114
Davidson,2011,1792,1650,1719,1907,1762,1814,1656,1833,1822,1869,2049,1866
Decatur,2011,14,18,19,13,21,20,15,18,18,26,21,28
DeKalb,2011,36,25,29,40,29,34,37,27,31,47,43,24
Dickson,2011,126,120,102,109,120,110,89,100,90,119,135,102
Dyer,2011,71,74,76,62,82,65,70,60,72,65,74,70
Fayette,2011,48,47,36,49,51,40,39,43,36,66,47,48
Fentress,2011,22,22,20,16,20,19,17,11,18,24,23,24
Franklin,2011,67,65,58,55,52,54,63,66,81,69,59,80
Gibson,2011,78,51,66,69,72,60,66,65,59,70,101,69
Giles,2011,28,54,69,63,56,52,64,73,82,58,76,74
Grainger,2011,27,20,34,24,26,25,26,32,25,34,33,32
Greene,2011,175,106,144,169,140,145,125,138,147,156,191,165
Grundy,2011,30,21,27,15,20,19,26,19,16,28,26,9
Hamblen,2011,129,100,109,124,101,127,113,126,139,142,121,143
Hamilton,2011,711,698,909,894,875,897,840,858,930,1044,1146,1095
Hancock,2011,8,8,5,12,12,9,8,11,7,14,10,8
Hardeman,2011,26,26,40,24,31,23,25,28,37,31,30,37
Hardin,2011,64,54,46,54,56,54,56,52,53,41,72,68
Hawkins,2011,89,62,77,87,96,78,83,81,95,108,91,109
Haywood,2011,47,44,33,51,44,51,44,38,35,44,52,51
Henderson,2011,86,61,51,53,51,65,76,71,73,71,91,71
Henry,2011,33,33,32,49,53,39,30,34,42,45,43,28
Hickman,2011,43,45,38,31,45,39,49,43,50,42,44,38
Houston,2011,13,9,11,11,10,18,9,14,9,18,17,12
Humphreys,2011,29,26,20,26,31,43,39,39,37,33,59,33
Jackson,2011,12,13,18,14,13,12,12,19,23,24,24,16
Jefferson,2011,79,98,76,104,84,97,79,98,102,98,71,89
Johnson,2011,53,25,17,28,18,33,35,43,41,51,40,38
Knox,2011,804,805,1059,1026,993,1069,1028,1104,1070,1188,1214,1136
Lake,2011,5,4,3,5,3,6,1,4,3,5,0,5
Lauderdale,2011,32,28,24,31,28,23,19,44,34,29,41,41
Lawrence,2011,69,55,64,67,68,65,78,63,70,68,76,76
Lewis,2011,15,15,18,16,20,13,14,20,15,23,19,16
Lincoln,2011,60,49,56,72,58,67,57,70,50,70,91,72
Loudon,2011,73,88,92,107,101,92,140,125,116,106,150,144
Macon,2011,46,32,29,32,33,32,41,33,41,44,35,37
Madison,2011,284,286,232,291,264,236,231,277,291,284,360,330
Marion,2011,43,39,47,62,69,48,48,55,57,62,63,62
Marshall,2011,52,45,38,39,46,50,44,30,59,70,65,67
Maury,2011,182,161,139,189,172,174,149,189,172,192,218,212
McMinn,2011,96,91,97,103,124,121,90,107,113,118,119,133
McNairy,2011,41,46,41,48,36,34,40,49,43,34,44,46
Meigs,2011,13,14,15,8,13,14,8,14,13,13,14,8
Monroe,2011,60,45,63,49,80,63,60,84,75,79,62,84
Montgomery,2011,483,425,400,431,459,427,380,417,432,534,566,466
Moore,2011,9,6,8,12,13,5,8,7,15,4,14,6
Morgan,2011,27,22,32,19,28,24,29,28,39,22,43,27
Obion,2011,63,59,43,55,47,55,60,70,71,60,57,70
Overton,2011,56,24,38,29,32,34,34,36,33,41,34,32
Perry,2011,13,8,10,10,13,18,11,14,13,18,12,6
Pickett,2011,1,3,2,7,2,9,4,5,4,5,5,5
Polk,2011,15,10,13,17,32,23,36,20,13,21,20,30
Putnam,2011,176,161,186,189,196,205,173,199,233,259,261,201
Rhea,2011,30,39,23,30,35,18,19,28,35,51,45,45
Roane,2011,65,96,90,107,92,78,82,81,87,79,104,95
Robertson,2011,179,132,114,128,111,109,110,133,108,140,129,120
Rutherford,2011,615,554,604,649,582,574,534,561,666,762,761,659
Scott,2011,19,12,16,20,16,7,18,15,16,18,10,16
Sequatchie,2011,20,17,22,24,21,15,19,26,26,20,32,27
Sevier,2011,171,175,202,239,267,249,322,265,307,305,273,283
Shelby,2011,2055,2208,2377,2553,2608,2166,2325,2460,2551,2426,2698,2627
Smith,2011,59,37,51,56,40,40,34,33,45,44,49,43
Stewart,2011,13,13,14,23,22,18,17,17,20,18,19,17
Sullivan,2011,305,263,316,317,323,322,345,324,345,352,415,413
Sumner,2011,254,257,224,288,270,253,231,278,256,299,346,311
Tipton,2011,74,95,87,94,81,67,65,95,81,108,111,97
Trousdale,2011,19,17,16,17,13,9,8,20,24,19,25,4
Unicoi,2011,26,16,25,21,20,30,24,22,28,31,39,27
Union,2011,20,17,19,24,25,21,19,20,24,14,20,23
VanBuren,2011,18,6,4,14,8,7,6,10,6,13,14,13
Warren,2011,55,52,81,79,75,81,71,64,87,79,106,78
Washington,2011,321,295,262,312,295,263,274,288,292,411,384,370
Wayne,2011,25,22,23,21,23,23,17,19,24,22,25,19
Weakley,2011,56,42,49,48,33,40,40,39,45,50,57,56
White,2011,31,34,45,35,38,43,49,34,38,52,49,48
Williamson,2011,273,234,261,297,289,289,279,290,319,366,370,368
Wilson,2011,188,226,178,193,215,220,215,208,219,213,262,258
Anderson,2012,118,147,128,159,161,157,154,151,146,163,165,149
Bedford,2012,77,68,79,81,83,93,71,78,88,79,99,91
Benton,2012,31,27,26,21,32,19,27,28,21,36,25,26
Bledsoe,2012,7,10,6,3,10,7,8,8,9,9,4,5
Blount,2012,253,239,277,278,306,278,243,241,272,315,267,262
Bradley,2012,230,237,272,254,266,212,237,263,249,270,289,242
Campbell,2012,86,80,109,67,121,93,86,64,66,72,80,89
Cannon,2012,19,9,17,26,28,26,27,16,17,22,20,22
Carroll,2012,35,30,42,33,50,36,38,28,37,42,36,32
Carter,2012,98,84,100,102,93,92,93,97,120,125,108,110
Cheatham,2012,66,65,71,62,71,76,85,53,61,84,83,65
Chester,2012,29,35,20,26,23,25,34,18,30,24,37,34
Claiborne,2012,52,36,54,27,45,29,36,40,34,38,39,31
Clay,2012,4,8,10,19,12,11,12,10,11,6,8,9
Cocke,2012,62,67,86,87,80,76,127,95,75,83,90,78
Coffee,2012,113,103,105,106,127,112,115,105,106,126,99,130
Crockett,2012,22,9,16,16,16,10,14,18,18,23,19,16
Cumberland,2012,118,98,134,99,130,120,121,110,125,130,126,149
Davidson,2012,1684,1784,2056,1856,1901,1768,1818,1868,1877,2021,2018,2055
Decatur,2012,17,13,25,23,31,39,21,32,17,20,22,23
DeKalb,2012,25,28,34,19,28,37,36,28,21,26,27,36
Dickson,2012,104,100,113,107,108,103,89,82,100,122,161,108
Dyer,2012,54,67,53,66,72,55,60,75,72,77,71,59
Fayette,2012,29,32,40,40,45,40,32,53,44,55,46,55
Fentress,2012,15,26,23,19,21,24,20,19,26,27,33,38
Franklin,2012,52,46,52,82,64,50,50,45,46,65,75,80
Gibson,2012,69,71,66,72,75,60,65,63,88,81,71,72
Giles,2012,73,69,60,50,65,65,77,74,63,66,72,86
Grainger,2012,31,25,32,26,37,22,35,18,22,39,33,46
Greene,2012,135,149,165,150,164,160,156,163,153,173,160,144
Grundy,2012,22,22,18,28,22,26,21,18,25,16,22,32
Hamblen,2012,116,142,128,127,136,112,112,117,148,130,141,148
Hamilton,2012,978,999,1210,979,1143,1015,1018,1048,1075,1095,1102,1185
Hancock,2012,18,5,7,9,15,8,8,7,8,6,13,8
Hardeman,2012,31,22,45,18,38,27,32,22,29,24,26,38
Hardin,2012,38,44,55,57,56,42,50,47,46,84,68,86
Hawkins,2012,82,89,76,77,76,78,79,68,96,84,87,116
Haywood,2012,34,24,31,30,36,44,32,31,37,50,42,35
Henderson,2012,61,58,71,79,72,47,61,53,68,65,79,57
Henry,2012,36,27,49,45,48,29,42,31,28,48,38,36
Hickman,2012,49,29,30,38,33,37,39,40,29,39,59,46
Houston,2012,7,11,10,8,11,14,18,8,8,6,12,8
Humphreys,2012,24,25,40,31,43,35,17,36,27,39,28,37
Jackson,2012,12,13,4,12,15,21,15,12,12,18,14,23
Jefferson,2012,80,84,74,62,85,98,87,84,102,108,91,103
Johnson,2012,27,40,24,22,40,36,34,27,34,39,34,38
Knox,2012,984,1048,1161,1116,1087,933,978,1068,1034,1169,1114,1027
Lake,2012,7,4,6,6,7,2,2,4,6,4,3,0
Lauderdale,2012,40,31,29,42,38,21,21,32,30,31,44,33
Lawrence,2012,70,64,77,64,86,56,73,62,75,65,89,64
Lewis,2012,11,21,12,12,11,12,12,18,13,21,20,16
Lincoln,2012,77,50,67,55,87,54,56,51,68,69,79,77
Loudon,2012,82,88,102,103,103,107,101,106,72,115,138,127
Macon,2012,33,34,34,31,26,36,42,37,45,32,42,50
Madison,2012,234,273,329,276,275,282,277,263,282,303,311,280
Marion,2012,57,37,65,59,74,44,52,45,56,40,60,52
Marshall,2012,48,45,57,41,58,60,42,56,54,40,64,43
Maury,2012,174,158,191,190,179,176,177,190,196,216,256,198
McMinn,2012,111,103,117,117,152,110,118,119,106,142,151,132
McNairy,2012,46,47,47,32,34,51,37,40,35,40,58,64
Meigs,2012,12,5,14,11,14,12,16,15,16,15,12,11
Monroe,2012,83,82,71,59,85,76,80,77,76,76,69,74
Montgomery,2012,408,370,484,410,392,429,380,454,392,474,492,396
Moore,2012,11,4,10,6,11,3,5,8,8,9,9,12
Morgan,2012,19,18,16,20,12,24,29,28,18,25,27,27
Obion,2012,50,42,54,46,67,45,54,47,59,45,50,48
Overton,2012,41,27,33,44,39,38,28,47,30,45,36,46
Perry,2012,8,10,12,12,13,10,13,7,8,14,15,13
Pickett,2012,3,6,1,7,5,8,11,8,10,4,6,5
Polk,2012,13,18,24,19,15,28,18,24,24,20,28,18
Putnam,2012,185,192,196,199,191,166,162,212,192,207,221,212
Rhea,2012,48,52,41,40,42,34,38,32,38,48,49,39
Roane,2012,85,100,101,100,122,80,103,106,90,104,106,107
Robertson,2012,116,108,132,117,129,135,88,139,153,122,175,161
Rutherford,2012,604,713,721,656,691,574,611,654,659,741,767,785
Scott,2012,11,11,15,14,10,6,8,16,14,28,23,28
Sequatchie,2012,35,21,15,19,32,21,13,20,19,23,29,17
Sevier,2012,190,191,248,235,278,272,356,247,236,302,239,289
Shelby,2012,2160,2572,2638,2384,2502,2230,2222,2490,2314,2463,2535,2630
Smith,2012,42,36,36,33,52,36,39,51,43,55,58,32
Stewart,2012,19,13,10,16,13,18,16,17,23,13,24,23
Sullivan,2012,328,304,327,336,382,352,330,307,322,354,385,385
Sumner,2012,257,261,277,257,289,257,253,284,275,340,325,339
Tipton,2012,84,80,100,91,77,70,73,67,93,87,94,94
Trousdale,2012,17,12,15,15,24,18,18,21,20,34,16,16
Unicoi,2012,25,21,28,25,38,34,27,40,32,27,27,30
Union,2012,22,13,23,29,26,18,13,20,29,25,24,20
VanBuren,2012,8,12,10,8,5,8,13,12,10,16,20,16
Warren,2012,58,83,63,91,94,80,65,83,76,74,101,65
Washington,2012,330,301,323,300,318,274,298,308,313,346,345,344
Wayne,2012,28,21,16,17,15,18,27,21,27,21,30,26
Weakley,2012,45,53,37,38,37,35,36,36,49,45,37,42
White,2012,46,42,51,38,45,29,33,42,45,41,58,53
Williamson,2012,296,321,286,271,329,281,291,314,250,380,443,468
Wilson,2012,204,196,212,248,240,185,227,212,202,256,251,260
Anderson,2013,135,142,116,146,149,150,126,150,143,182,169,161
Bedford,2013,81,74,78,74,87,82,75,83,62,98,93,100
Benton,2013,26,19,27,33,22,20,23,31,37,17,18,31
Bledsoe,2013,7,6,7,7,10,8,4,6,5,7,9,4
Blount,2013,235,178,227,261,262,246,247,271,231,287,297,239
Bradley,2013,225,207,208,278,262,233,224,213,266,251,251,277
Campbell,2013,79,53,76,72,71,85,77,79,75,83,60,85
Cannon,2013,23,18,20,27,20,19,22,15,19,30,26,26
Carroll,2013,35,18,33,45,31,20,32,42,33,31,34,38
Carter,2013,114,99,77,86,108,100,118,102,97,77,124,102
Cheatham,2013,66,59,77,58,78,75,65,59,65,60,75,75
Chester,2013,28,22,37,20,35,24,21,21,28,33,33,18
Claiborne,2013,41,26,35,27,37,38,26,34,49,51,44,32
Clay,2013,15,6,11,12,13,13,13,5,10,8,13,6
Cocke,2013,67,58,81,73,72,63,87,84,80,73,89,78
Coffee,2013,105,84,100,119,111,106,110,115,84,123,134,130
Crockett,2013,27,17,16,12,11,19,18,12,23,21,19,24
Cumberland,2013,111,101,111,97,145,110,130,145,92,112,152,116
Davidson,2013,1851,1816,1967,2001,2060,1988,1984,2018,2119,2251,2182,2190
Decatur,2013,14,15,24,20,19,21,14,21,16,24,22,28
DeKalb,2013,25,26,35,30,30,38,32,36,31,27,22,36
Dickson,2013,83,102,103,113,118,98,93,91,107,113,124,114
Dyer,2013,67,62,57,55,79,62,69,62,70,80,79,44
Fayette,2013,45,41,41,48,63,50,37,49,42,58,55,38
Fentress,2013,21,14,24,28,27,19,24,16,18,32,24,23
Franklin,2013,61,39,63,56,68,67,69,76,54,71,82,100
Gibson,2013,65,47,73,70,59,49,62,54,60,77,90,66
Giles,2013,58,54,56,66,62,77,51,74,64,74,87,80
Grainger,2013,22,20,32,29,23,35,22,24,33,30,19,24
Greene,2013,145,123,125,155,168,150,187,162,143,128,174,147
Grundy,2013,21,14,26,24,21,26,30,34,23,17,29,27
Hamblen,2013,149,99,108,103,145,123,108,116,115,124,145,132
Hamilton,2013,1061,907,994,1155,1122,1017,1039,1133,990,1040,1151,1172
Hancock,2013,6,2,9,5,12,11,12,16,19,15,20,15
Hardeman,2013,34,32,21,25,34,26,22,30,29,38,38,31
Hardin,2013,65,53,50,58,51,52,59,59,43,49,53,68
Hawkins,2013,106,76,74,88,99,70,104,93,137,91,78,80
Haywood,2013,49,25,29,36,61,41,43,39,33,38,51,52
Henderson,2013,56,38,48,66,61,49,53,65,61,66,76,80
Henry,2013,16,28,45,36,33,36,35,41,42,30,37,35
Hickman,2013,40,29,30,35,50,40,41,45,35,42,64,44
Houston,2013,2,5,6,10,16,5,10,7,6,3,10,6
Humphreys,2013,37,39,36,22,40,42,42,31,34,30,27,43
Jackson,2013,15,12,11,17,12,10,16,12,7,13,14,18
Jefferson,2013,119,75,87,93,82,113,90,78,95,98,87,91
Johnson,2013,28,23,36,31,44,36,36,34,22,49,48,44
Knox,2013,1001,822,1042,1075,1100,968,977,1115,971,1105,1159,1057
Lake,2013,4,5,2,5,5,7,2,2,7,5,6,2
Lauderdale,2013,23,29,26,24,30,31,19,27,34,27,29,37
Lawrence,2013,60,59,63,60,71,44,65,68,56,62,72,57
Lewis,2013,12,10,15,12,13,21,12,13,14,13,12,22
Lincoln,2013,60,43,68,68,59,68,73,61,67,60,72,86
Loudon,2013,83,81,89,115,108,101,104,110,92,135,118,93
Macon,2013,33,32,32,31,30,42,38,33,37,39,43,42
Madison,2013,230,266,264,281,327,228,277,289,241,299,270,302
Marion,2013,55,37,56,55,39,57,40,55,43,37,51,70
Marshall,2013,48,45,48,53,63,62,39,59,40,65,80,60
Maury,2013,186,163,187,196,199,175,182,207,169,222,255,245
McMinn,2013,102,105,81,95,106,87,115,122,100,99,113,117
McNairy,2013,42,41,29,49,42,26,37,26,35,47,72,50
Meigs,2013,10,11,15,19,17,6,10,14,19,35,22,12
Monroe,2013,64,56,57,69,75,69,56,77,73,68,49,53
Montgomery,2013,360,382,376,438,433,378,355,401,430,437,502,455
Moore,2013,10,8,8,5,6,6,9,9,11,10,7,3
Morgan,2013,19,14,21,29,27,24,22,22,23,19,19,17
Obion,2013,55,57,59,47,67,59,39,41,46,55,54,67
Overton,2013,28,27,29,35,39,32,38,42,36,39,29,36
Perry,2013,9,6,8,11,11,18,16,8,7,10,14,15
Pickett,2013,7,2,2,9,8,5,7,6,7,5,10,2
Polk,2013,14,14,24,32,21,27,17,19,21,12,25,24
Putnam,2013,174,173,193,204,178,182,184,182,196,243,251,215
Rhea,2013,36,35,30,42,34,30,36,33,44,43,50,37
Roane,2013,87,79,80,90,91,91,111,83,93,109,100,141
Robertson,2013,121,127,121,143,139,123,119,140,138,140,168,139
Rutherford,2013,646,612,722,670,760,645,592,690,661,861,853,804
Scott,2013,31,33,28,22,26,19,34,30,19,30,34,20
Sequatchie,2013,23,18,8,15,11,18,18,19,13,23,22,13
Sevier,2013,179,163,237,229,251,294,345,253,236,258,230,209
Shelby,2013,2463,2182,2486,2558,2775,2297,2136,2420,2500,2485,2724,2545
Smith,2013,40,30,41,29,42,52,33,45,40,45,51,51
Stewart,2013,19,11,19,16,25,16,12,20,10,24,16,21
Sullivan,2013,303,310,321,293,318,264,303,332,249,313,375,390
Sumner,2013,255,229,250,280,291,302,278,261,285,283,376,295
Tipton,2013,82,80,82,84,88,71,81,86,80,83,95,105
Trousdale,2013,14,13,17,17,27,9,20,12,13,28,29,32
Unicoi,2013,34,28,22,18,32,50,32,26,23,30,31,37
Union,2013,15,13,13,21,31,15,21,20,13,28,22,16
VanBuren,2013,16,8,10,15,9,17,10,5,11,11,14,13
Warren,2013,63,63,85,78,94,72,70,81,62,74,91,80
Washington,2013,334,239,270,294,293,289,296,306,324,304,352,320
Wayne,2013,28,14,28,31,21,18,28,35,21,32,34,24
Weakley,2013,43,40,43,48,49,41,39,42,45,56,49,40
White,2013,36,35,40,40,46,41,55,41,35,47,49,37
Williamson,2013,343,322,362,411,365,327,355,317,365,473,449,471
Wilson,2013,209,192,220,215,258,183,221,233,179,256,287,252
Anderson,2014,113,125,125,135,147,142,144,163,152,152,182,170
Bedford,2014,83,100,77,89,85,72,82,70,76,99,88,105
Benton,2014,22,22,35,25,28,26,25,26,32,37,22,29
Bledsoe,2014,7,5,1,7,4,9,5,4,6,7,4,4
Blount,2014,204,194,225,238,247,240,247,263,265,264,268,288
Bradley,2014,286,223,233,226,216,208,216,253,233,280,298,297
Campbell,2014,71,54,71,80,85,109,76,91,92,95,84,72
Cannon,2014,29,18,13,27,18,27,22,23,18,34,35,24
Carroll,2014,32,37,29,24,35,26,22,33,27,35,42,40
Carter,2014,108,94,72,93,90,95,84,89,92,115,94,88
Cheatham,2014,57,70,55,69,74,65,67,78,61,77,84,70
Chester,2014,31,19,24,21,25,28,16,25,32,32,33,35
Claiborne,2014,49,28,35,43,33,33,39,36,34,37,38,43
Clay,2014,3,7,10,9,13,17,10,7,12,14,14,15
Cocke,2014,101,68,64,76,84,95,90,89,58,105,95,85
Coffee,2014,89,97,95,88,131,111,99,104,114,127,124,135
Crockett,2014,11,25,16,17,15,20,16,26,27,20,32,18
Cumberland,2014,124,75,114,115,115,126,108,132,119,133,143,109
Davidson,2014,1890,1956,2046,2117,2161,2108,2009,2211,2233,2607,2402,2463
Decatur,2014,12,18,22,23,22,27,18,20,15,14,19,25
DeKalb,2014,33,21,30,27,36,42,32,29,28,31,42,42
Dickson,2014,74,95,118,83,121,112,94,85,100,135,148,117
Dyer,2014,64,72,73,61,76,61,48,81,83,71,81,74
Fayette,2014,44,37,41,49,38,37,47,40,50,48,51,61
Fentress,2014,28,18,23,21,24,30,26,29,22,28,27,24
Franklin,2014,60,58,75,62,63,60,45,63,61,65,56,85
Gibson,2014,62,55,67,66,81,61,46,52,58,72,61,68
Giles,2014,64,53,74,65,62,54,56,58,68,80,91,83
Grainger,2014,39,21,25,26,28,23,37,15,32,31,26,23
Greene,2014,153,127,112,153,136,135,129,143,124,168,154,161
Grundy,2014,19,15,13,19,20,20,24,17,24,22,29,23
Hamblen,2014,139,122,108,103,130,116,125,119,102,146,150,126
Hamilton,2014,1127,793,838,891,964,911,905,914,866,1145,1031,1085
Hancock,2014,20,3,7,10,8,7,6,10,15,9,14,10
Hardeman,2014,38,24,30,40,54,33,39,41,50,39,53,61
Hardin,2014,51,62,57,43,46,45,47,57,40,46,45,67
Hawkins,2014,59,49,51,65,85,64,79,62,62,60,75,83
Haywood,2014,36,39,38,31,48,43,34,39,41,41,53,48
Henderson,2014,54,65,67,73,63,64,59,58,69,77,75,64
Henry,2014,40,29,34,42,25,26,31,37,40,45,39,45
Hickman,2014,34,40,42,30,43,55,35,39,45,49,64,38
Houston,2014,6,10,5,5,15,7,7,6,9,6,9,7
Humphreys,2014,28,32,30,32,31,26,32,34,25,25,40,33
Jackson,2014,13,5,12,15,7,19,10,7,13,17,9,16
Jefferson,2014,90,67,81,87,89,89,98,100,76,107,89,94
Johnson,2014,38,24,27,31,25,24,32,35,26,35,38,23
Knox,2014,928,846,939,1083,1041,891,982,1061,1055,1241,1085,1140
Lake,2014,6,4,5,8,4,3,2,4,6,6,4,4
Lauderdale,2014,24,38,33,29,25,35,30,32,41,44,54,37
Lawrence,2014,56,57,71,71,72,66,63,63,69,68,80,59
Lewis,2014,15,14,15,11,21,19,14,22,20,16,21,20
Lincoln,2014,64,46,68,74,64,49,71,62,62,70,67,73
Loudon,2014,97,73,94,83,115,90,105,92,80,121,142,100
Macon,2014,33,27,29,32,37,25,39,26,36,36,34,30
Madison,2014,246,272,285,273,256,265,231,273,275,312,335,336
Marion,2014,39,43,49,43,55,43,53,57,23,61,68,53
Marshall,2014,58,61,63,54,46,46,46,44,55,68,54,73
Maury,2014,182,172,168,203,209,176,162,185,160,216,226,226
McMinn,2014,108,72,95,101,89,120,100,113,89,142,118,144
McNairy,2014,38,29,40,45,34,25,32,42,38,56,47,38
Meigs,2014,16,16,17,11,16,8,9,13,13,11,17,8
Monroe,2014,57,56,41,73,68,46,55,52,59,71,78,67
Montgomery,2014,347,406,369,414,474,412,362,414,449,551,535,517
Moore,2014,5,6,4,10,4,7,11,3,4,10,12,9
Morgan,2014,21,15,17,14,18,10,16,15,7,17,15,16
Obion,2014,52,62,56,43,49,40,50,58,59,52,66,53
Overton,2014,39,32,34,41,43,27,37,35,60,41,42,35
Perry,2014,12,10,12,14,18,9,8,14,15,16,15,11
Pickett,2014,5,3,3,4,3,9,10,8,7,6,7,10
Polk,2014,19,13,17,22,25,19,24,24,22,26,16,21
Putnam,2014,192,182,196,205,171,195,169,216,178,244,245,253
Rhea,2014,39,21,26,30,20,29,30,28,24,50,32,45
Roane,2014,79,82,88,96,90,90,92,96,83,105,114,127
Robertson,2014,132,135,140,116,138,154,117,135,117,159,147,128
Rutherford,2014,628,662,759,722,783,731,592,726,696,877,878,906
Scott,2014,25,14,18,18,22,21,21,14,25,24,25,20
Sequatchie,2014,18,13,13,15,16,21,16,17,12,17,16,18
Sevier,2014,184,158,184,232,252,280,312,264,263,342,246,305
Shelby,2014,2245,2365,2579,2585,2856,2473,2318,2643,2513,2792,2763,2730
Smith,2014,53,31,45,43,42,56,40,46,17,43,61,40
Stewart,2014,12,15,22,18,19,18,19,14,12,20,24,18
Sullivan,2014,358,291,295,270,334,337,250,327,285,385,388,353
Sumner,2014,263,292,312,309,307,303,264,262,290,372,331,368
Tipton,2014,93,67,78,77,75,85,77,77,95,94,90,112
Trousdale,2014,21,18,16,20,10,27,20,15,18,23,22,20
Unicoi,2014,44,25,28,26,37,29,29,31,24,39,42,24
Union,2014,24,21,18,8,15,15,16,19,25,21,24,26
VanBuren,2014,6,4,6,6,15,15,4,6,10,13,18,12
Warren,2014,64,61,56,75,71,72,58,76,59,92,81,76
Washington,2014,345,263,293,299,305,264,284,271,318,372,342,318
Wayne,2014,24,17,19,16,26,24,22,25,23,29,36,38
Weakley,2014,42,57,41,40,45,34,35,38,53,62,47,31
White,2014,38,32,39,36,41,43,41,38,43,45,41,41
Williamson,2014,349,320,376,378,395,336,366,395,349,463,464,515
Wilson,2014,180,201,217,231,230,224,196,227,223,312,252,283
Anderson,2015,157,116,153,151,154,149,173,157,175,213,216,216
Bedford,2015,88,87,80,83,83,74,89,118,113,114,89,108
Benton,2015,22,26,34,18,29,36,40,28,32,33,22,27
Bledsoe,2015,6,6,4,3,2,8,6,10,10,18,12,10
Blount,2015,210,222,212,256,287,274,285,276,312,352,317,284
Bradley,2015,265,241,266,260,290,233,235,262,332,362,324,324
Campbell,2015,82,63,83,90,94,94,120,85,100,85,82,112
Cannon,2015,23,12,18,16,24,21,20,24,28,31,34,33
Carroll,2015,28,35,27,31,40,32,31,26,30,48,46,29
Carter,2015,79,116,77,109,106,115,106,107,108,134,127,109
Cheatham,2015,68,84,68,69,76,69,71,51,57,96,101,72
Chester,2015,39,18,40,18,29,17,19,30,40,37,36,34
Claiborne,2015,39,24,29,38,47,28,41,36,40,46,29,49
Clay,2015,5,13,16,10,11,20,14,11,13,8,10,9
Cocke,2015,83,82,82,85,79,87,99,92,114,106,102,91
Coffee,2015,114,105,124,118,124,133,129,133,125,167,135,116
Crockett,2015,18,29,11,24,21,16,27,30,15,23,25,18
Cumberland,2015,101,125,104,102,143,134,124,133,125,146,154,143
Davidson,2015,2293,2382,2567,2465,2576,2427,2506,2652,2824,3161,2746,2766
Decatur,2015,14,18,12,20,15,18,21,18,17,20,18,23
DeKalb,2015,36,45,35,38,45,40,37,41,38,39,26,37
Dickson,2015,117,136,116,117,122,133,143,111,110,145,189,160
Dyer,2015,58,82,80,69,79,66,84,70,64,65,74,65
Fayette,2015,37,41,41,41,47,41,39,54,43,67,52,65
Fentress,2015,22,18,25,31,30,28,28,27,36,45,33,26
Franklin,2015,68,62,65,85,70,65,71,77,93,93,80,81
Gibson,2015,56,45,53,56,57,56,47,53,59,65,68,78
Giles,2015,64,65,84,59,73,69,78,94,80,100,102,89
Grainger,2015,23,20,27,23,26,24,29,27,48,28,25,38
Greene,2015,133,158,132,155,146,149,153,173,173,200,187,170
Grundy,2015,17,11,17,21,23,22,21,36,31,32,19,33
Hamblen,2015,85,76,104,100,120,97,129,144,157,157,151,139
Hamilton,2015,963,924,1011,1066,1048,1029,1014,1032,1064,1326,1215,1264
Hancock,2015,12,6,10,7,5,7,13,11,11,12,10,10
Hardeman,2015,48,44,40,39,42,28,38,48,38,43,53,56
Hardin,2015,64,59,47,52,57,34,51,47,58,69,69,79
Hawkins,2015,68,41,58,61,59,76,74,75,93,82,72,75
Haywood,2015,24,36,34,33,54,54,34,38,33,50,65,48
Henderson,2015,62,57,80,74,77,75,84,67,64,67,84,64
Henry,2015,25,41,40,37,38,46,41,38,42,29,46,47
Hickman,2015,30,54,45,47,42,40,43,52,53,49,70,46
Houston,2015,2,3,9,19,8,6,6,5,9,13,8,3
Humphreys,2015,39,28,33,20,46,29,25,29,29,40,31,32
Jackson,2015,17,10,8,13,11,5,4,20,17,17,17,19
Jefferson,2015,81,90,79,79,97,80,115,91,120,113,103,97
Johnson,2015,24,34,22,26,26,27,21,23,29,36,34,38
Knox,2015,992,797,1055,1146,1103,977,1083,1185,1230,1355,1195,1261
Lake,2015,2,2,3,3,9,5,5,3,2,12,5,11
Lauderdale,2015,39,38,53,40,42,37,37,36,31,47,57,43
Lawrence,2015,69,70,78,59,60,60,78,73,63,90,85,61
Lewis,2015,15,11,15,12,17,8,14,24,31,20,15,11
Lincoln,2015,58,42,65,56,91,47,48,70,66,72,65,72
Loudon,2015,103,72,97,108,121,104,111,106,102,150,151,136
Macon,2015,22,21,30,36,23,35,32,29,26,29,33,30
Madison,2015,235,258,265,266,296,302,283,276,283,350,373,377
Marion,2015,49,51,62,68,62,42,65,71,51,69,86,67
Marshall,2015,67,56,59,46,63,68,49,59,72,69,68,77
Maury,2015,199,183,177,168,220,199,188,202,221,235,255,242
McMinn,2015,117,111,96,129,103,126,115,94,130,143,163,131
McNairy,2015,47,45,50,44,46,33,41,35,56,54,64,56
Meigs,2015,10,16,16,14,20,18,16,14,14,19,17,17
Monroe,2015,48,47,61,56,50,66,63,66,72,96,69,83
Montgomery,2015,469,410,415,436,460,423,435,466,483,595,624,517
Moore,2015,7,5,7,8,15,5,8,13,8,13,12,7
Morgan,2015,23,11,13,14,26,26,14,19,22,16,17,13
Obion,2015,50,60,51,43,52,52,48,49,55,61,51,65
Overton,2015,36,33,37,29,36,30,45,49,41,51,56,39
Perry,2015,7,10,12,12,5,13,9,7,10,10,14,19
Pickett,2015,6,5,2,4,14,5,8,6,7,4,5,5
Polk,2015,17,13,20,17,26,27,37,23,22,26,27,26
Putnam,2015,191,231,234,193,203,196,216,226,234,267,258,260
Rhea,2015,31,31,24,23,40,22,36,42,48,43,44,44
Roane,2015,80,107,85,97,106,100,122,105,127,130,142,137
Robertson,2015,99,146,146,139,190,161,131,161,151,191,202,176
Rutherford,2015,760,707,732,753,850,746,756,905,892,1111,986,930
Scott,2015,24,21,21,10,26,17,21,18,23,18,17,21
Sequatchie,2015,14,15,14,21,21,10,11,21,22,28,27,25
Sevier,2015,181,175,253,266,298,305,395,307,305,352,289,332
Shelby,2015,2479,2348,2662,2868,2968,2604,2707,2802,2934,3232,3135,3143
Smith,2015,47,49,42,36,33,48,59,53,67,49,69,50
Stewart,2015,12,11,11,13,16,23,16,20,23,22,32,32
Sullivan,2015,305,304,346,349,343,320,302,365,340,412,406,392
Sumner,2015,300,291,294,300,383,299,274,377,347,383,385,350
Tipton,2015,79,79,83,82,88,79,84,96,106,95,78,97
Trousdale,2015,15,21,22,14,16,18,13,19,17,22,22,22
Unicoi,2015,30,35,28,31,31,34,27,31,25,32,34,45
Union,2015,26,12,22,19,33,24,21,27,29,19,19,17
VanBuren,2015,14,16,9,15,15,16,22,13,17,17,18,16
Warren,2015,85,72,74,52,75,65,65,83,85,86,84,86
Washington,2015,286,286,332,343,316,252,316,314,395,417,369,436
Wayne,2015,21,30,19,21,23,19,26,19,33,25,41,35
Weakley,2015,31,29,44,45,43,37,37,45,47,47,40,42
White,2015,33,41,40,39,33,55,33,59,30,48,63,37
Williamson,2015,389,371,390,396,417,426,408,476,470,537,575,544
Wilson,2015,228,231,220,230,291,258,273,295,273,328,318,343
Anderson,2016,146,177,148,177,186,183,153,183,173,183,167,205
Bedford,2016,94,96,107,81,92,117,101,100,91,92,105,125
Benton,2016,27,36,39,21,23,29,31,23,27,36,33,33
Bledsoe,2016,4,10,9,7,10,9,10,8,8,8,8,5
Blount,2016,266,253,287,313,296,245,282,304,329,308,314,265
Bradley,2016,245,223,273,271,270,248,273,245,268,268,347,305
Campbell,2016,78,97,139,83,92,87,115,86,75,103,79,103
Cannon,2016,19,16,29,17,30,20,25,26,27,23,25,21
Carroll,2016,39,25,37,34,36,37,36,49,39,45,41,36
Carter,2016,100,88,102,95,96,83,94,119,115,98,100,108
Cheatham,2016,75,89,67,62,80,79,64,99,78,96,113,87
Chester,2016,31,22,24,27,23,24,24,19,23,23,46,44
Claiborne,2016,39,42,50,41,57,26,45,37,41,35,41,36
Clay,2016,6,17,11,5,6,11,7,8,5,7,7,15
Cocke,2016,115,74,62,97,108,90,104,127,90,101,117,92
Coffee,2016,123,111,120,110,146,126,120,146,129,149,144,185
Crockett,2016,22,26,25,23,25,27,15,19,22,22,24,18
Cumberland,2016,124,101,118,100,147,128,121,161,123,132,153,117
Davidson,2016,2544,2479,2729,2787,2798,2714,2583,2939,2868,2911,2919,2892
Decatur,2016,15,10,17,17,18,17,17,26,24,35,25,22
DeKalb,2016,20,21,22,29,35,31,38,33,38,22,31,20
Dickson,2016,120,150,112,149,136,131,112,146,127,135,179,144
Dyer,2016,64,57,82,84,78,77,55,67,56,83,82,78
Fayette,2016,51,48,68,53,44,38,51,56,59,45,71,51
Fentress,2016,28,29,28,30,25,25,30,24,26,39,27,28
Franklin,2016,91,73,82,66,58,58,56,72,68,77,73,93
Gibson,2016,77,51,71,65,61,53,42,58,70,75,54,70
Giles,2016,79,59,74,71,72,91,97,85,73,82,83,102
Grainger,2016,26,32,27,30,40,30,28,32,22,38,33,30
Greene,2016,158,155,139,151,160,149,147,180,169,166,174,162
Grundy,2016,23,25,26,23,24,26,23,31,20,28,28,25
Hamblen,2016,117,150,130,152,156,142,117,142,162,148,158,170
Hamilton,2016,931,1004,1084,988,1097,998,1042,1087,951,1133,1126,1146
Hancock,2016,2,5,11,3,11,7,6,11,5,11,5,14
Hardeman,2016,33,43,40,42,39,45,35,37,47,56,50,56
Hardin,2016,56,71,55,45,59,70,51,47,60,72,77,71
Hawkins,2016,77,70,76,87,82,77,72,76,64,67,79,73
Haywood,2016,43,38,37,50,48,54,47,47,46,52,74,61
Henderson,2016,53,62,60,80,70,56,77,82,69,65,91,58
Henry,2016,39,38,39,41,43,37,51,35,44,48,57,47
Hickman,2016,43,44,30,46,34,53,48,57,46,57,57,46
Houston,2016,8,10,8,10,8,4,7,8,13,9,9,8
Humphreys,2016,32,35,25,23,31,35,36,44,45,46,41,47
Jackson,2016,14,14,7,10,11,11,7,11,6,14,10,7
Jefferson,2016,82,101,74,89,86,93,68,79,95,88,103,103
Johnson,2016,38,30,26,23,22,32,34,38,31,31,40,30
Knox,2016,981,1015,1154,1176,1137,1111,1175,1291,1276,1269,1283,1281
Lake,2016,2,3,2,6,8,11,5,4,7,7,4,3
Lauderdale,2016,50,35,53,41,36,35,32,36,43,51,54,42
Lawrence,2016,69,61,86,61,65,69,67,85,81,67,68,86
Lewis,2016,11,17,11,14,13,18,15,16,19,18,20,16
Lincoln,2016,79,74,51,69,73,60,75,71,65,97,91,87
Loudon,2016,92,112,92,119,126,122,106,100,87,136,143,127
Macon,2016,24,36,26,20,35,30,24,38,26,25,32,29
Madison,2016,296,298,354,354,312,327,296,333,332,337,377,335
Marion,2016,61,48,60,51,48,58,56,69,51,69,84,63
Marshall,2016,71,57,48,54,46,55,59,75,64,61,61,85
Maury,2016,214,195,246,221,227,227,266,240,209,243,255,295
McMinn,2016,139,115,117,127,124,114,102,95,113,123,123,120
McNairy,2016,54,36,31,51,48,44,43,51,38,43,48,60
Meigs,2016,18,15,17,18,14,14,21,16,9,10,13,16
Monroe,2016,64,60,77,63,62,84,60,67,65,67,78,77
Montgomery,2016,491,528,451,502,476,462,472,520,516,541,628,501
Moore,2016,7,10,11,5,17,10,13,12,12,8,15,8
Morgan,2016,12,10,19,15,13,14,13,20,21,13,11,12
Obion,2016,59,57,55,67,59,64,47,55,57,69,63,52
Overton,2016,35,41,36,39,55,34,44,52,44,50,42,32
Perry,2016,16,8,10,11,12,9,10,11,4,6,7,8
Pickett,2016,1,2,1,9,4,6,3,8,8,2,3,3
Polk,2016,20,25,25,23,23,27,31,22,24,23,16,39
Putnam,2016,217,207,231,231,207,200,217,251,237,235,247,234
Rhea,2016,44,49,37,39,40,38,44,55,49,60,50,52
Roane,2016,99,118,103,124,165,100,115,103,93,148,134,104
Robertson,2016,180,153,164,159,164,172,147,177,172,205,194,216
Rutherford,2016,778,813,944,849,861,821,776,915,928,969,1011,909
Scott,2016,16,18,17,15,18,12,20,28,18,23,15,20
Sequatchie,2016,20,20,17,14,23,13,20,13,19,20,17,20
Sevier,2016,195,227,240,287,324,300,412,319,306,375,308,305
Shelby,2016,2621,2765,3360,3290,3227,2815,2938,3331,3127,3217,3223,3433
Smith,2016,51,41,36,37,45,43,47,48,57,50,56,48
Stewart,2016,31,19,24,17,12,20,25,26,20,15,25,11
Sullivan,2016,347,341,290,375,302,350,344,398,340,387,436,428
Sumner,2016,316,295,278,321,329,300,295,341,341,357,394,372
Tipton,2016,81,74,95,71,90,105,76,93,97,112,90,83
Trousdale,2016,17,16,15,24,24,22,17,18,20,22,32,18
Unicoi,2016,37,24,24,28,25,26,22,36,19,16,36,32
Union,2016,29,29,21,25,21,17,25,21,27,25,26,17
VanBuren,2016,14,12,7,11,12,11,13,12,9,22,21,15
Warren,2016,87,60,79,90,84,70,67,74,77,77,107,87
Washington,2016,311,329,288,358,324,323,292,362,343,388,405,342
Wayne,2016,32,20,25,15,31,27,18,24,26,29,32,31
Weakley,2016,34,48,39,39,40,41,39,54,55,36,40,32
White,2016,49,22,44,42,31,38,46,35,32,35,56,46
Williamson,2016,440,415,429,465,425,430,416,503,456,487,590,543
Wilson,2016,289,261,283,264,293,269,277,309,284,273,316,295
Anderson,2017,177,132,157,185,159,150,136,185,173,193,175,163
Bedford,2017,80,76,101,112,105,104,96,115,92,106,109,111
Benton,2017,18,18,32,33,42,26,31,42,28,32,30,31
Bledsoe,2017,2,10,7,12,7,13,6,7,13,6,8,9
Blount,2017,230,210,235,281,282,298,290,284,320,293,296,277
Bradley,2017,242,235,246,266,295,240,236,299,270,270,267,257
Campbell,2017,68,81,92,121,98,110,98,92,96,116,109,100
Cannon,2017,30,26,26,34,29,24,22,21,27,25,30,27
Carroll,2017,54,32,43,41,48,30,37,36,45,43,38,45
Carter,2017,91,63,83,105,117,106,100,103,109,123,120,111
Cheatham,2017,96,60,86,79,77,82,72,60,79,104,93,82
Chester,2017,35,28,34,31,35,23,16,31,24,29,39,36
Claiborne,2017,23,21,32,40,31,40,42,36,35,20,43,38
Clay,2017,8,6,13,8,7,11,8,14,12,13,8,7
Cocke,2017,77,67,87,89,99,75,85,104,102,84,95,107
Coffee,2017,142,109,124,132,146,171,132,106,158,121,145,150
Crockett,2017,23,14,21,13,14,9,17,18,20,17,22,15
Cumberland,2017,134,86,115,114,120,137,92,135,110,145,145,131
Davidson,2017,2632,2375,2711,2888,2935,2721,2667,3016,2795,3149,2993,2802
Decatur,2017,13,19,24,28,16,24,23,18,21,22,31,22
DeKalb,2017,32,14,23,31,32,26,42,27,28,33,15,29
Dickson,2017,139,115,124,158,153,121,135,134,119,158,148,139
Dyer,2017,71,70,74,68,60,79,67,91,56,79,64,69
Fayette,2017,58,28,43,37,62,46,54,61,37,61,62,63
Fentress,2017,25,29,23,29,34,37,32,30,25,32,35,34
Franklin,2017,63,58,75,61,76,79,79,75,86,67,92,89
Gibson,2017,67,55,70,73,73,55,56,54,67,63,54,57
Giles,2017,80,47,81,70,76,55,74,60,84,83,73,68
Grainger,2017,27,22,27,27,34,16,28,30,23,19,30,23
Greene,2017,164,126,137,170,177,156,160,160,171,179,175,162
Grundy,2017,10,18,21,24,29,22,35,36,24,17,33,34
Hamblen,2017,153,123,124,148,132,119,109,136,136,163,146,135
Hamilton,2017,933,972,1033,1237,1251,1177,1121,1238,1205,1277,1257,1183
Hancock,2017,8,5,8,3,5,6,8,7,12,3,2,4
Hardeman,2017,44,35,33,39,44,26,42,48,39,39,53,41
Hardin,2017,58,37,50,58,57,51,55,70,50,52,61,68
Hawkins,2017,58,70,78,81,84,82,78,66,77,79,67,91
Haywood,2017,50,39,53,52,41,46,41,43,51,64,52,36
Henderson,2017,76,44,75,54,76,62,55,84,70,73,96,83
Henry,2017,41,23,45,32,48,44,48,48,38,40,35,49
Hickman,2017,52,37,54,52,43,36,42,47,36,50,40,31
Houston,2017,15,8,17,14,8,15,19,21,26,12,12,10
Humphreys,2017,32,12,35,21,40,34,44,26,21,45,30,23
Jackson,2017,9,9,9,8,13,6,13,16,12,9,7,8
Jefferson,2017,97,68,84,104,94,112,86,116,102,97,88,116
Johnson,2017,38,22,33,36,33,36,30,41,42,42,37,39
Knox,2017,984,1030,1200,1273,1195,1188,1067,1261,1243,1323,1301,1279
Lake,2017,3,4,3,6,3,7,6,4,10,8,5,7
Lauderdale,2017,42,40,36,39,46,35,35,22,35,43,45,40
Lawrence,2017,74,59,71,78,75,75,61,79,90,55,71,67
Lewis,2017,12,9,13,13,16,13,6,11,13,21,23,19
Lincoln,2017,65,68,68,77,70,63,52,56,71,83,58,66
Loudon,2017,97,83,112,106,103,115,109,124,99,130,155,139
Macon,2017,43,26,17,25,24,28,29,24,24,30,28,21
Madison,2017,345,275,335,307,338,297,279,340,307,382,391,395
Marion,2017,44,42,64,59,58,85,71,67,53,55,56,45
Marshall,2017,75,66,59,64,74,81,72,51,57,62,79,73
Maury,2017,234,168,281,214,249,226,234,239,209,255,278,246
McMinn,2017,113,98,122,126,99,119,113,147,117,147,135,141
McNairy,2017,37,25,43,43,46,60,48,41,25,42,38,48
Meigs,2017,13,12,15,15,12,10,14,9,16,17,19,18
Monroe,2017,62,58,68,66,71,105,76,87,89,92,82,61
Montgomery,2017,489,454,529,503,546,473,472,480,597,597,635,556
Moore,2017,12,6,14,6,7,10,14,9,8,13,12,13
Morgan,2017,8,16,12,18,12,19,22,18,23,15,16,14
Obion,2017,50,39,47,53,58,52,31,51,62,45,67,64
Overton,2017,33,28,36,32,33,62,53,42,38,48,57,29
Perry,2017,3,2,12,4,3,5,4,6,8,14,5,8
Pickett,2017,0,1,7,1,8,5,5,5,5,7,6,6
Polk,2017,20,22,29,33,26,29,27,31,15,29,32,18
Putnam,2017,213,199,211,238,247,200,216,245,235,222,302,248
Rhea,2017,37,34,44,69,62,58,49,54,49,52,90,58
Roane,2017,91,92,87,99,133,107,81,105,116,134,130,110
Robertson,2017,163,113,151,131,139,156,130,148,137,171,215,159
Rutherford,2017,917,752,891,887,996,851,784,925,895,1003,1071,1013
Scott,2017,8,17,17,17,17,7,10,13,13,15,15,12
Sequatchie,2017,15,20,25,23,13,13,16,28,20,16,13,11
Sevier,2017,190,208,245,288,320,324,352,357,312,389,294,320
Shelby,2017,2927,2595,3242,3309,3596,2968,2874,3234,3178,3189,3110,3383
Smith,2017,57,30,58,75,58,49,60,62,55,56,68,39
Stewart,2017,11,12,12,12,15,19,21,17,25,25,11,16
Sullivan,2017,350,280,317,364,347,329,335,344,313,375,462,388
Sumner,2017,256,276,294,362,335,315,248,312,312,368,378,341
Tipton,2017,118,71,88,108,109,85,85,95,77,96,87,97
Trousdale,2017,19,18,22,18,21,12,19,24,18,17,21,23
Unicoi,2017,34,19,26,27,45,27,34,28,24,20,36,38
Union,2017,15,11,18,15,23,26,18,17,15,16,18,19
VanBuren,2017,13,9,9,14,11,11,19,11,10,12,19,18
Warren,2017,88,78,73,87,75,79,63,84,92,70,105,87
Washington,2017,334,280,307,321,365,335,297,320,315,408,400,391
Wayne,2017,27,25,22,32,21,21,22,26,18,14,31,21
Weakley,2017,37,34,49,58,40,37,32,47,41,48,46,34
White,2017,33,39,33,46,43,48,39,37,65,44,55,49
Williamson,2017,459,380,424,427,508,454,388,505,456,528,571,551
Wilson,2017,249,249,234,303,309,297,280,342,315,325,349,358
Anderson,2018,144,126,132,156,158,175,159,185,179,177,177,172
Bedford,2018,85,86,77,83,97,126,88,99,114,143,135,111
Benton,2018,24,40,28,30,35,34,40,35,31,37,35,39
Bledsoe,2018,13,14,7,7,9,13,8,6,8,3,5,8
Blount,2018,239,249,261,325,275,263,244,302,310,316,312,293
Bradley,2018,251,214,234,261,292,279,232,263,273,280,301,265
Campbell,2018,70,73,90,81,99,95,88,64,96,95,101,77
Cannon,2018,17,26,26,22,28,16,22,31,29,24,31,26
Carroll,2018,33,34,35,32,38,31,37,23,35,45,42,38
Carter,2018,104,72,102,96,90,105,104,115,86,132,145,120
Cheatham,2018,58,66,64,83,70,60,66,75,75,92,95,90
Chester,2018,28,25,34,21,33,24,20,28,28,22,38,23
Claiborne,2018,30,33,26,40,36,27,31,42,54,50,55,60
Clay,2018,9,4,5,1,4,11,6,7,6,7,8,6
Cocke,2018,74,71,79,90,111,103,82,110,102,96,107,92
Coffee,2018,107,114,143,119,145,134,119,124,141,130,172,162
Crockett,2018,18,10,21,17,17,19,13,17,35,36,23,29
Cumberland,2018,139,105,95,118,144,136,107,124,108,122,161,120
Davidson,2018,2762,2492,2902,2724,2904,2631,2536,2966,2727,3144,2826,2806
Decatur,2018,29,21,22,21,33,19,12,22,24,18,20,17
DeKalb,2018,36,26,30,25,26,28,32,21,26,29,33,31
Dickson,2018,132,112,137,121,125,109,90,126,133,134,135,130
Dyer,2018,69,55,47,72,83,78,53,59,58,67,87,81
Fayette,2018,42,43,43,40,46,53,53,52,49,42,53,61
Fentress,2018,29,21,23,17,27,34,24,33,27,18,30,26
Franklin,2018,72,59,59,56,69,54,58,52,57,59,46,71
Gibson,2018,51,57,48,54,52,39,42,54,55,51,69,65
Giles,2018,73,47,70,57,66,78,59,64,70,83,83,77
Grainger,2018,16,15,29,23,31,29,25,24,29,31,23,30
Greene,2018,148,128,154,140,165,144,142,135,168,139,182,156
Grundy,2018,30,13,17,23,22,11,24,31,22,15,23,18
Hamblen,2018,118,111,131,150,132,114,120,156,137,148,155,171
Hamilton,2018,974,935,1156,1234,1291,1237,1079,1242,1217,1305,1316,1279
Hancock,2018,8,4,3,7,5,6,9,5,9,12,11,7
Hardeman,2018,40,34,34,36,45,45,32,36,40,40,69,52
Hardin,2018,72,45,65,56,60,50,41,36,64,73,59,80
Hawkins,2018,57,57,54,65,69,60,57,60,72,69,79,75
Haywood,2018,41,32,43,43,52,49,39,53,53,40,51,50
Henderson,2018,94,67,61,69,80,73,74,66,64,81,81,88
Henry,2018,37,32,31,41,49,41,45,35,41,58,45,45
Hickman,2018,28,32,39,41,52,52,36,47,44,68,68,52
Houston,2018,11,17,20,14,12,16,5,9,12,9,12,5
Humphreys,2018,30,23,21,36,39,31,36,33,21,36,27,32
Jackson,2018,11,7,10,6,13,12,12,13,4,9,13,10
Jefferson,2018,70,100,86,84,115,100,79,86,102,105,113,98
Johnson,2018,37,25,31,29,19,31,48,32,17,40,47,46
Knox,2018,1052,1077,1177,1257,1233,1162,1092,1277,1176,1273,1437,1356
Lake,2018,5,5,4,3,2,6,2,5,2,3,8,3
Lauderdale,2018,30,35,27,32,43,35,20,26,25,42,43,59
Lawrence,2018,75,69,61,54,75,65,73,68,83,55,66,65
Lewis,2018,23,13,13,20,18,17,10,27,15,16,13,15
Lincoln,2018,75,58,68,56,40,58,47,65,59,83,69,76
Loudon,2018,99,91,101,116,107,135,130,143,125,156,171,125
Macon,2018,29,27,30,26,30,17,27,17,24,24,29,12
Madison,2018,317,305,336,331,320,310,319,387,334,347,357,359
Marion,2018,59,38,61,50,69,63,64,67,38,61,68,71
Marshall,2018,67,47,55,73,60,60,72,59,61,60,78,76
Maury,2018,222,199,221,218,236,200,215,217,205,264,243,260
McMinn,2018,123,104,124,114,156,104,120,131,121,137,154,118
McNairy,2018,60,36,37,36,38,47,55,42,51,39,49,57
Meigs,2018,14,18,13,10,13,16,12,11,11,12,12,9
Monroe,2018,58,58,65,66,76,81,73,85,68,80,88,67
Montgomery,2018,554,426,496,492,521,503,461,469,543,602,640,548
Moore,2018,10,6,12,9,8,8,14,14,11,11,16,13
Morgan,2018,18,17,18,11,15,13,10,17,14,16,10,14
Obion,2018,53,57,50,40,50,59,48,52,44,41,71,65
Overton,2018,27,28,29,32,46,33,36,39,37,45,56,37
Perry,2018,12,5,5,3,7,7,4,7,8,8,13,3
Pickett,2018,6,7,1,3,4,7,7,6,8,10,8,6
Polk,2018,20,13,19,28,25,27,25,20,19,35,30,31
Putnam,2018,199,173,229,251,250,173,197,235,251,251,258,255
Rhea,2018,53,44,46,42,56,52,52,53,79,64,79,62
Roane,2018,117,81,105,112,110,99,88,112,114,136,136,144
Robertson,2018,157,142,147,128,151,138,135,137,104,181,173,168
Rutherford,2018,817,842,903,881,859,756,736,896,930,1000,1069,1041
Scott,2018,11,9,14,9,12,6,12,16,17,23,21,18
Sequatchie,2018,18,16,17,14,11,31,13,22,29,20,36,27
Sevier,2018,162,223,259,289,309,327,341,316,321,364,326,333
Shelby,2018,3141,2876,3227,3273,3558,3181,2947,3294,3266,3567,3510,3451
Smith,2018,58,56,35,59,66,48,55,64,53,53,74,67
Stewart,2018,14,22,13,16,27,21,23,17,21,25,20,17
Sullivan,2018,322,314,311,322,386,311,323,330,359,368,422,401
Sumner,2018,349,267,299,319,316,302,291,323,294,375,353,327
Tipton,2018,93,89,86,74,92,71,81,79,75,107,101,110
Trousdale,2018,31,20,19,23,20,17,15,18,24,30,25,29
Unicoi,2018,27,23,25,33,31,24,26,33,22,37,38,36
Union,2018,18,10,19,8,27,27,14,18,18,19,15,17
VanBuren,2018,5,9,12,9,7,15,11,5,11,13,17,12
Warren,2018,68,66,46,59,82,63,64,68,107,95,103,80
Washington,2018,328,309,335,344,343,301,306,368,364,378,430,354
Wayne,2018,23,23,19,21,14,21,23,22,22,25,22,26
Weakley,2018,27,31,50,40,39,45,38,38,47,40,59,42
White,2018,40,45,31,43,29,29,34,42,32,41,44,52
Williamson,2018,445,359,449,466,550,420,403,489,513,495,518,535
Wilson,2018,286,221,249,270,298,255,272,308,297,300,371,324
Anderson,2019,154,137,155,143,167,156,139,165,146,200,176,173
Bedford,2019,87,88,120,100,124,103,99,99,91,106,123,106
Benton,2019,33,41,25,29,37,27,28,34,29,35,31,31
Bledsoe,2019,9,6,6,10,4,9,5,6,9,12,10,3
Blount,2019,301,233,256,269,292,275,237,270,258,316,265,279
Bradley,2019,243,259,244,279,271,241,248,271,200,291,285,278
Campbell,2019,70,72,89,91,80,90,97,97,65,98,75,77
Cannon,2019,24,22,27,22,18,24,17,18,21,33,24,24
Carroll,2019,46,27,36,41,36,32,34,30,32,24,38,33
Carter,2019,83,75,77,85,94,100,98,89,88,124,115,93
Cheatham,2019,76,72,62,84,63,78,69,80,59,84,107,67
Chester,2019,24,32,29,23,33,24,25,31,27,27,41,22
Claiborne,2019,45,50,41,31,47,46,35,47,41,57,45,37
Clay,2019,6,6,4,7,6,5,7,4,5,8,11,7
Cocke,2019,63,69,72,78,84,85,73,84,78,89,94,102
Coffee,2019,102,98,120,142,141,124,118,134,124,163,134,129
Crockett,2019,16,15,20,13,11,12,21,17,17,19,28,18
Cumberland,2019,96,100,93,125,107,128,103,105,102,170,137,114
Davidson,2019,2480,2622,2767,2973,2857,2738,2559,2790,2610,3175,2906,2521
Decatur,2019,11,14,11,16,19,21,28,22,22,28,20,18
DeKalb,2019,19,34,35,26,22,43,38,27,22,25,36,21
Dickson,2019,111,111,102,114,129,122,105,102,117,112,128,116
Dyer,2019,64,71,58,64,58,56,54,65,62,56,65,61
Fayette,2019,47,43,45,56,48,52,58,39,55,44,72,50
Fentress,2019,25,19,26,25,31,25,19,29,22,27,32,24
Franklin,2019,49,47,52,56,47,54,33,50,46,50,63,56
Gibson,2019,52,54,60,65,52,53,49,60,49,61,66,61
Giles,2019,62,67,75,69,73,62,69,74,79,96,78,79
Grainger,2019,19,19,25,29,20,24,16,25,16,33,12,20
Greene,2019,153,140,143,135,184,147,119,138,134,185,153,127
Grundy,2019,15,12,20,24,30,25,25,30,19,38,30,22
Hamblen,2019,143,131,133,152,134,122,123,150,155,144,140,142
Hamilton,2019,1058,1048,1132,1234,1319,1122,1067,1162,1114,1391,1270,1187
Hancock,2019,11,7,9,12,13,9,15,7,1,12,9,5
Hardeman,2019,39,43,34,31,49,45,28,40,29,43,44,39
Hardin,2019,66,49,35,63,60,52,53,59,64,53,59,70
Hawkins,2019,49,73,53,55,68,45,61,62,56,83,55,76
Haywood,2019,33,37,41,46,42,47,45,58,51,44,45,52
Henderson,2019,60,67,64,66,67,66,64,51,54,60,94,74
Henry,2019,37,30,35,43,50,26,39,41,37,47,50,44
Hickman,2019,35,42,44,34,45,36,36,56,49,49,42,40
Houston,2019,13,8,9,15,17,16,9,13,10,13,11,8
Humphreys,2019,27,31,35,25,32,31,29,28,35,28,29,24
Jackson,2019,8,6,9,8,9,10,6,10,6,7,5,5
Jefferson,2019,88,85,86,83,107,100,104,95,77,95,105,102
Johnson,2019,33,22,23,21,31,21,26,29,22,31,42,31
Knox,2019,1104,1079,1252,1294,1177,1087,1092,1221,1240,1428,1303,1250
Lake,2019,3,1,6,6,3,7,6,6,5,5,4,8
Lauderdale,2019,36,33,27,45,45,27,42,34,30,39,55,38
Lawrence,2019,60,49,66,78,80,81,47,68,67,78,69,58
Lewis,2019,11,16,16,17,15,20,15,20,13,18,20,11
Lincoln,2019,69,52,57,72,64,56,63,61,62,70,79,75
Loudon,2019,96,86,107,116,113,114,92,117,99,137,143,127
Macon,2019,25,22,21,21,35,22,26,28,23,35,24,16
Madison,2019,260,323,366,325,312,300,295,313,307,324,385,341
Marion,2019,54,59,47,43,69,67,64,45,55,59,58,65
Marshall,2019,60,44,46,57,54,63,55,66,62,78,90,72
Maury,2019,183,181,220,222,210,213,213,217,182,205,275,210
McMinn,2019,110,113,107,112,126,130,109,117,116,141,145,120
McNairy,2019,39,32,36,35,59,42,41,37,32,53,62,50
Meigs,2019,12,9,6,9,14,20,10,14,9,13,15,11
Monroe,2019,62,61,64,71,75,59,82,62,75,84,89,75
Montgomery,2019,519,501,493,535,533,467,445,498,525,608,673,539
Moore,2019,6,2,5,14,8,5,7,9,3,13,11,7
Morgan,2019,8,9,14,13,14,18,11,16,11,30,20,15
Obion,2019,62,50,51,67,47,59,47,54,49,60,75,67
Overton,2019,31,32,26,39,32,36,37,34,37,35,43,41
Perry,2019,6,3,6,7,10,4,10,13,13,8,9,8
Pickett,2019,2,7,2,2,1,7,9,2,4,9,2,4
Polk,2019,15,14,29,15,31,18,26,25,23,25,44,24
Putnam,2019,171,167,198,198,184,201,161,195,179,277,215,205
Rhea,2019,46,57,42,55,61,61,45,44,44,73,68,64
Roane,2019,95,99,105,103,135,122,84,100,95,129,122,102
Robertson,2019,140,122,142,126,168,136,131,174,159,173,255,204
Rutherford,2019,824,784,844,826,889,756,781,934,918,1023,1010,909
Scott,2019,12,14,13,9,18,21,8,6,19,11,10,9
Sequatchie,2019,17,16,14,30,23,21,23,13,23,25,34,19
Sevier,2019,193,176,283,302,316,329,371,254,285,382,309,304
Shelby,2019,3063,3158,3246,3542,3419,2920,2962,3196,3203,3706,3520,3501
Smith,2019,52,45,51,53,38,44,40,55,50,38,39,38
Stewart,2019,13,14,19,18,25,33,13,12,25,26,38,25
Sullivan,2019,326,302,281,336,364,326,346,332,259,359,415,387
Sumner,2019,263,289,279,295,326,251,284,288,292,346,335,310
Tipton,2019,86,99,84,80,92,68,68,73,70,95,100,87
Trousdale,2019,16,16,26,18,20,21,20,15,20,27,29,25
Unicoi,2019,29,18,22,24,18,29,25,28,19,37,37,27
Union,2019,19,12,10,13,19,13,16,23,12,19,20,18
VanBuren,2019,12,9,5,8,9,13,8,6,10,14,17,6
Warren,2019,47,62,59,60,52,69,86,66,64,73,75,65
Washington,2019,331,307,309,323,339,313,310,323,348,399,421,353
Wayne,2019,27,18,24,17,36,23,32,29,18,22,22,27
Weakley,2019,37,49,32,40,35,39,40,39,44,43,43,42
White,2019,34,30,35,39,40,49,42,32,32,50,64,32
Williamson,2019,458,422,403,446,451,401,431,438,435,544,567,489
Wilson,2019,247,258,264,319,330,304,266,317,282,332,379,335
Anderson,2020,160,157,120,81,115,187,147,164,140,156,177,139
Bedford,2020,93,90,82,67,94,86,86,113,86,102,108,114
Benton,2020,27,26,31,18,31,35,25,23,28,37,33,31
Bledsoe,2020,6,9,4,5,6,11,7,5,16,9,5,4
Blount,2020,252,241,195,122,219,206,239,257,268,288,252,281
Bradley,2020,250,291,198,130,221,223,260,257,282,266,273,260
Campbell,2020,82,78,59,55,69,88,86,65,76,81,100,111
Cannon,2020,14,16,14,21,16,21,17,21,20,32,25,21
Carroll,2020,26,43,23,29,33,32,30,48,48,46,37,39
Carter,2020,94,97,76,62,98,105,108,107,104,107,103,80
Cheatham,2020,74,66,68,45,53,76,55,76,64,84,79,78
Chester,2020,31,25,27,16,23,25,23,27,28,32,33,29
Claiborne,2020,40,41,35,19,47,33,43,52,46,43,43,40
Clay,2020,4,1,8,4,10,10,8,7,3,11,4,2
Cocke,2020,87,62,66,52,89,96,91,90,95,119,88,98
Coffee,2020,143,119,131,97,111,118,133,138,126,173,131,118
Crockett,2020,16,20,20,12,17,16,11,21,14,21,15,22
Cumberland,2020,86,87,94,53,98,107,126,111,128,116,148,111
Davidson,2020,2593,2600,1907,1125,1621,1735,1861,2048,1954,2305,2094,1992
Decatur,2020,19,26,14,10,18,15,17,17,19,15,18,12
DeKalb,2020,31,17,18,17,19,22,39,28,24,29,37,24
Dickson,2020,107,86,97,69,98,109,109,108,120,119,116,128
Dyer,2020,62,57,44,42,60,65,64,57,55,61,62,52
Fayette,2020,51,61,37,38,38,68,54,59,49,55,80,56
Fentress,2020,21,25,21,17,21,33,21,23,32,26,27,33
Franklin,2020,51,41,37,24,47,49,41,49,36,39,68,54
Gibson,2020,48,48,52,44,57,56,64,46,55,70,56,58
Giles,2020,62,74,80,29,65,56,64,67,80,77,78,61
Grainger,2020,19,20,21,34,33,23,16,35,21,21,40,35
Greene,2020,148,140,134,93,114,118,119,102,134,148,137,135
Grundy,2020,22,19,15,13,24,13,20,16,31,23,27,14
Hamblen,2020,150,137,121,48,116,107,142,121,122,166,136,139
Hamilton,2020,1108,1089,914,592,841,957,998,1123,1129,1183,1170,1042
Hancock,2020,4,5,9,6,5,16,6,10,6,3,13,2
Hardeman,2020,35,35,32,25,21,37,32,43,36,45,44,38
Hardin,2020,57,52,55,30,49,63,59,51,50,60,63,51
Hawkins,2020,69,73,51,46,68,73,67,75,85,75,85,64
Haywood,2020,42,46,41,30,44,47,43,40,46,55,57,37
Henderson,2020,65,77,55,37,82,68,70,64,64,81,77,88
Henry,2020,28,26,34,32,38,34,41,32,42,34,27,38
Hickman,2020,35,31,36,34,56,40,40,35,48,48,61,58
Houston,2020,9,8,7,8,9,10,8,12,14,10,11,10
Humphreys,2020,22,31,32,26,27,43,23,32,33,36,31,35
Jackson,2020,4,4,3,6,7,4,6,7,3,10,12,6
Jefferson,2020,84,82,86,78,87,79,90,138,106,107,86,96
Johnson,2020,30,25,14,21,31,28,36,20,23,23,30,35
Knox,2020,1173,1152,879,464,724,867,1008,1139,1151,1203,973,767
Lake,2020,5,2,3,3,3,10,5,5,1,2,4,2
Lauderdale,2020,28,34,31,28,41,39,36,36,47,44,51,42
Lawrence,2020,63,68,49,43,46,65,56,61,61,73,49,64
Lewis,2020,12,16,21,17,18,11,9,22,9,18,18,8
Lincoln,2020,58,64,49,45,51,60,65,66,63,67,83,73
Loudon,2020,86,110,64,81,75,106,101,101,107,125,131,120
Macon,2020,6,18,23,14,23,27,28,19,27,32,25,21
Madison,2020,308,289,259,162,211,280,250,319,287,360,313,339
Marion,2020,48,50,65,28,50,61,43,63,41,60,72,52
Marshall,2020,55,53,58,50,46,49,58,54,52,57,75,51
Maury,2020,189,210,172,113,180,200,187,201,196,258,209,198
McMinn,2020,96,102,105,78,96,104,95,124,101,112,159,121
McNairy,2020,36,37,42,28,34,33,39,50,39,43,48,45
Meigs,2020,13,9,13,12,13,16,10,9,14,20,20,17
Monroe,2020,56,69,57,39,65,57,63,82,78,71,84,57
Montgomery,2020,462,465,418,266,407,440,437,484,496,577,556,534
Moore,2020,11,9,12,3,12,1,11,6,12,13,9,6
Morgan,2020,17,15,14,16,16,14,18,13,9,10,15,11
Obion,2020,59,48,48,33,46,49,44,73,43,49,54,54
Overton,2020,30,34,19,15,23,32,29,23,36,37,26,25
Perry,2020,3,4,8,6,8,8,11,5,3,10,6,6
Pickett,2020,3,6,6,5,4,3,4,8,4,6,0,1
Polk,2020,24,20,19,16,30,35,35,35,24,30,31,30
Putnam,2020,169,190,157,91,155,187,171,202,211,205,223,176
Rhea,2020,52,54,45,33,46,47,36,58,60,57,78,53
Roane,2020,98,96,82,78,84,89,114,106,98,135,114,108
Robertson,2020,155,147,136,88,150,118,120,164,127,174,197,145
Rutherford,2020,781,872,696,389,654,666,712,786,805,866,856,821
Scott,2020,10,6,8,6,10,9,13,3,6,8,6,10
Sequatchie,2020,25,21,15,13,21,17,24,23,21,32,21,18
Sevier,2020,176,160,196,94,222,307,331,300,299,347,283,291
Shelby,2020,3254,3130,2772,1814,2644,2761,2999,3043,2929,3251,3114,3320
Smith,2020,32,38,36,35,48,30,40,50,38,52,45,50
Stewart,2020,21,15,12,11,18,13,17,20,13,18,29,9
Sullivan,2020,322,346,270,203,291,290,280,280,346,314,377,371
Sumner,2020,255,231,226,164,217,231,227,235,250,300,286,307
Tipton,2020,69,79,86,71,66,88,83,85,72,83,86,88
Trousdale,2020,19,17,22,15,14,18,22,20,19,27,24,24
Unicoi,2020,13,23,20,26,25,28,26,16,20,29,33,31
Union,2020,14,14,14,10,22,14,19,16,16,21,15,12
VanBuren,2020,11,6,7,2,9,7,9,4,7,8,19,8
Warren,2020,48,53,58,41,70,67,65,85,62,69,82,57
Washington,2020,309,353,235,177,241,254,301,320,344,325,327,322
Wayne,2020,23,15,19,27,18,22,20,24,23,18,22,19
Weakley,2020,39,35,40,19,28,43,37,47,54,44,33,21
White,2020,30,31,33,21,50,32,36,46,34,29,42,43
Williamson,2020,394,424,270,170,226,304,312,310,293,405,368,377
Wilson,2020,282,268,239,143,267,258,285,295,273,306,335,299