Year,Plot,Day,Light quantity,Soil moisture,Photoperiod,Bud type,Bud counts,Min temp,Mean temp,Median temp,Max temp,Var temp,SD temp
2016,1,96,483.6,33.54,12.833333333333334,Cleistogamous,0,5,7.875,7.75,10.5,4.323863636363637,2.0793902078166178
2016,1,96,483.6,33.54,12.833333333333334,Chasmogamous,1,5,7.875,7.75,10.5,4.323863636363637,2.0793902078166178
2016,1,104,367,35.28,13.166666666666666,Cleistogamous,0,11.5,14.916666666666666,14.5,17.5,4.037878787878787,2.0094473837049796
2016,1,104,367,35.28,13.166666666666666,Chasmogamous,1,11.5,14.916666666666666,14.5,17.5,4.037878787878787,2.0094473837049796
2016,1,109,541.8,27.28,13.366666666666667,Chasmogamous,0,21.5,27.291666666666668,27.5,30.5,8.566287878787879,2.92682214676394
2016,1,109,541.8,27.28,13.366666666666667,Cleistogamous,0,21.5,27.291666666666668,27.5,30.5,8.566287878787879,2.92682214676394
2016,1,118,221.2,36.839999999999996,13.716666666666667,Cleistogamous,0,10.5,11.5,11.5,12.5,0.5,0.7071067811865476
2016,1,118,221.2,36.839999999999996,13.716666666666667,Chasmogamous,0,10.5,11.5,11.5,12.5,0.5,0.7071067811865476
2016,1,125,67.66,36.96,13.966666666666667,Cleistogamous,0,14.5,15,15,15.5,0.18181818181818182,0.4264014327112209
2016,1,125,67.66,36.96,13.966666666666667,Chasmogamous,0,14.5,15,15,15.5,0.18181818181818182,0.4264014327112209
2016,1,132,19.792,37.14,14.216666666666667,Cleistogamous,1,17,17.166666666666668,17,17.5,0.060606060606060615,0.24618298195866548
2016,1,132,19.792,37.14,14.216666666666667,Chasmogamous,0,17,17.166666666666668,17,17.5,0.060606060606060615,0.24618298195866548
2016,1,140,33.050000000000004,36.96,14.45,Chasmogamous,0,13,14.791666666666666,15,15.5,0.5662878787878786,0.7525210155124431
2016,1,140,33.050000000000004,36.96,14.45,Cleistogamous,0,13,14.791666666666666,15,15.5,0.5662878787878786,0.7525210155124431
2016,1,152,94.6,36.08,14.733333333333333,Chasmogamous,0,21.5,22.458333333333332,22.5,23,0.2026515151515151,0.45016831868925994
2016,1,152,94.6,36.08,14.733333333333333,Cleistogamous,1,21.5,22.458333333333332,22.5,23,0.2026515151515151,0.45016831868925994
2016,1,182,10.799999999999999,37,14.883333333333333,Cleistogamous,0,19,19.958333333333332,20,21,0.6117424242424242,0.7821396449755147
2016,1,182,10.799999999999999,37,14.883333333333333,Chasmogamous,0,19,19.958333333333332,20,21,0.6117424242424242,0.7821396449755147
2016,2,96,602.6,33.94,12.833333333333334,Chasmogamous,11,2.5,5.875,6,8.5,4.323863636363637,2.0793902078166178
2016,2,96,602.6,33.94,12.833333333333334,Cleistogamous,0,2.5,5.875,6,8.5,4.323863636363637,2.0793902078166178
2016,2,104,173.6,33.88,13.166666666666666,Cleistogamous,0,11.5,14.041666666666666,13.75,16,1.9299242424242424,1.3892171329292777
2016,2,104,173.6,33.88,13.166666666666666,Chasmogamous,1,11.5,14.041666666666666,13.75,16,1.9299242424242424,1.3892171329292777
2016,2,109,549.4,30.5,13.366666666666667,Cleistogamous,0,20,27.23076923076923,28.5,29.5,9.067307692307695,3.011197053051775
2016,2,109,549.4,30.5,13.366666666666667,Chasmogamous,7,20,27.23076923076923,28.5,29.5,9.067307692307695,3.011197053051775
2016,2,118,160.5,35.48,13.716666666666667,Cleistogamous,0,11,11.846153846153847,12,13,0.43269230769230754,0.6577935144802718
2016,2,118,160.5,35.48,13.716666666666667,Chasmogamous,2,11,11.846153846153847,12,13,0.43269230769230754,0.6577935144802718
2016,2,125,56.06,32.78,13.966666666666667,Cleistogamous,6,14.5,15.346153846153847,15.5,16,0.2243589743589743,0.4736654667156709
2016,2,125,56.06,32.78,13.966666666666667,Chasmogamous,0,14.5,15.346153846153847,15.5,16,0.2243589743589743,0.4736654667156709
2016,2,132,24.61,35.58,14.216666666666667,Cleistogamous,5,16.5,16.916666666666668,17,17,0.03787878787878789,0.19462473604038077
2016,2,132,24.61,35.58,14.216666666666667,Chasmogamous,0,16.5,16.916666666666668,17,17,0.03787878787878789,0.19462473604038077
2016,2,140,23.39,35.38,14.45,Chasmogamous,0,13,14.083333333333334,14.5,14.5,0.3560606060606062,0.5967081414398552
2016,2,140,23.39,35.38,14.45,Cleistogamous,6,13,14.083333333333334,14.5,14.5,0.3560606060606062,0.5967081414398552
2016,2,152,11.08,26.560000000000002,14.733333333333333,Cleistogamous,4,20,21.208333333333332,21.5,22,0.33901515151515144,0.5822500764406574
2016,2,152,11.08,26.560000000000002,14.733333333333333,Chasmogamous,0,20,21.208333333333332,21.5,22,0.33901515151515144,0.5822500764406574
2016,2,182,22.28,20.6,14.883333333333333,Chasmogamous,0,18,19.083333333333332,19,20,0.6287878787878789,0.7929614610987591
2016,2,182,22.28,20.6,14.883333333333333,Cleistogamous,1,18,19.083333333333332,19,20,0.6287878787878789,0.7929614610987591
2016,3,96,668.6,20.04,12.833333333333334,Cleistogamous,0,3,5.083333333333333,5.25,6.5,1.2196969696969697,1.1043989178267832
2016,3,96,668.6,20.04,12.833333333333334,Chasmogamous,2,3,5.083333333333333,5.25,6.5,1.2196969696969697,1.1043989178267832
2016,3,104,653,26.18,13.166666666666666,Cleistogamous,0,8,9.833333333333334,9.5,11.5,1.378787878787879,1.1742179860604585
2016,3,104,653,26.18,13.166666666666666,Chasmogamous,8,8,9.833333333333334,9.5,11.5,1.378787878787879,1.1742179860604585
2016,3,109,873.2,21.72,13.366666666666667,Chasmogamous,2,23.5,25.791666666666668,25,30.5,4.929924242424242,2.220343271303841
2016,3,109,873.2,21.72,13.366666666666667,Cleistogamous,0,23.5,25.791666666666668,25,30.5,4.929924242424242,2.220343271303841
2016,3,118,335,26.56,13.716666666666667,Cleistogamous,0,12.5,13.208333333333334,13.25,14,0.29356060606060613,0.5418123347254159
2016,3,118,335,26.56,13.716666666666667,Chasmogamous,1,12.5,13.208333333333334,13.25,14,0.29356060606060613,0.5418123347254159
2016,3,125,110.4,29.86,13.966666666666667,Cleistogamous,4,14.5,15.125,15,16.5,0.4147727272727273,0.6440285143320343
2016,3,125,110.4,29.86,13.966666666666667,Chasmogamous,0,14.5,15.125,15,16.5,0.4147727272727273,0.6440285143320343
2016,3,132,87.12,29.86,14.216666666666667,Cleistogamous,1,16,16.25,16.25,16.5,0.06818181818181818,0.26111648393354675
2016,3,132,87.12,29.86,14.216666666666667,Chasmogamous,0,16,16.25,16.25,16.5,0.06818181818181818,0.26111648393354675
2016,3,140,19.426,30.779999999999998,14.45,Chasmogamous,0,11.5,12.541666666666666,13,13,0.384469696969697,0.6200562046860728
2016,3,140,19.426,30.779999999999998,14.45,Cleistogamous,3,11.5,12.541666666666666,13,13,0.384469696969697,0.6200562046860728
2016,3,152,7.216,26.48,14.733333333333333,Cleistogamous,1,19,20,20,20.5,0.2727272727272727,0.5222329678670935
2016,3,152,7.216,26.48,14.733333333333333,Chasmogamous,0,19,20,20,20.5,0.2727272727272727,0.5222329678670935
2016,3,182,6.124,23.8,14.883333333333333,Cleistogamous,0,17.5,18.541666666666668,18.5,20,0.9753787878787878,0.9876126709792599
2016,3,182,6.124,23.8,14.883333333333333,Chasmogamous,0,17.5,18.541666666666668,18.5,20,0.9753787878787878,0.9876126709792599
2016,4,96,1129.4,32.74,12.833333333333334,Cleistogamous,0,6,11.291666666666666,11.25,15.5,9.52083333333333,3.0855847635956026
2016,4,96,1129.4,32.74,12.833333333333334,Chasmogamous,8,6,11.291666666666666,11.25,15.5,9.52083333333333,3.0855847635956026
2016,4,104,613.2,33.94,13.166666666666666,Chasmogamous,7,11.5,14.875,15.25,17.5,3.1420454545454546,1.7725815790945856
2016,4,104,613.2,33.94,13.166666666666666,Cleistogamous,0,11.5,14.875,15.25,17.5,3.1420454545454546,1.7725815790945856
2016,4,109,1175.8,30.3,13.366666666666667,Cleistogamous,0,19,25.75,27.25,29.5,12.931818181818182,3.5960837284215423
2016,4,109,1175.8,30.3,13.366666666666667,Chasmogamous,3,19,25.75,27.25,29.5,12.931818181818182,3.5960837284215423
2016,4,118,325.8,36.14,13.716666666666667,Cleistogamous,0,13,13.416666666666666,13.5,14,0.17424242424242423,0.4174235549683609
2016,4,118,325.8,36.14,13.716666666666667,Chasmogamous,5,13,13.416666666666666,13.5,14,0.17424242424242423,0.4174235549683609
2016,4,125,89,35.58,13.966666666666667,Cleistogamous,21,15.5,15.583333333333334,15.5,16,0.037878787878787866,0.19462473604038072
2016,4,125,89,35.58,13.966666666666667,Chasmogamous,0,15.5,15.583333333333334,15.5,16,0.037878787878787866,0.19462473604038072
2016,4,132,36.9,36.06,14.216666666666667,Chasmogamous,0,16,16.125,16,16.5,0.05113636363636364,0.22613350843332272
2016,4,132,36.9,36.06,14.216666666666667,Cleistogamous,0,16,16.125,16,16.5,0.05113636363636364,0.22613350843332272
2016,4,140,62.36,37.2,14.45,Cleistogamous,10,12,13.041666666666666,13.25,13.5,0.3390151515151516,0.5822500764406576
2016,4,140,62.36,37.2,14.45,Chasmogamous,0,12,13.041666666666666,13.25,13.5,0.3390151515151516,0.5822500764406576
2016,4,152,8.82,31.92,14.733333333333333,Chasmogamous,0,19.5,20.083333333333332,20,20.5,0.12878787878787876,0.35887028128263665
2016,4,152,8.82,31.92,14.733333333333333,Cleistogamous,4,19.5,20.083333333333332,20,20.5,0.12878787878787876,0.35887028128263665
2016,4,182,5.436,26.2,14.883333333333333,Cleistogamous,4,18.5,18.708333333333332,18.5,19.5,0.11174242424242423,0.3342789617107607
2016,4,182,5.436,26.2,14.883333333333333,Chasmogamous,0,18.5,18.708333333333332,18.5,19.5,0.11174242424242423,0.3342789617107607
2016,5,96,419,28.18,12.833333333333334,Chasmogamous,4,5,8.25,8.25,11.5,3.659090909090909,1.9128750375000738
2016,5,96,419,28.18,12.833333333333334,Cleistogamous,0,5,8.25,8.25,11.5,3.659090909090909,1.9128750375000738
2016,5,104,355,34.54,13.166666666666666,Cleistogamous,0,12,14.666666666666666,14.75,16.5,1.515151515151515,1.2309149097933272
2016,5,104,355,34.54,13.166666666666666,Chasmogamous,6,12,14.666666666666666,14.75,16.5,1.515151515151515,1.2309149097933272
2016,5,109,619.2,31.14,13.366666666666667,Chasmogamous,2,21,22.75,22.25,24.5,1.6136363636363635,1.270289873862011
2016,5,109,619.2,31.14,13.366666666666667,Cleistogamous,0,21,22.75,22.25,24.5,1.6136363636363635,1.270289873862011
2016,5,118,259.2,35.72,13.716666666666667,Chasmogamous,3,12,12.666666666666666,12.75,13.5,0.2424242424242425,0.492365963917331
2016,5,118,259.2,35.72,13.716666666666667,Cleistogamous,0,12,12.666666666666666,12.75,13.5,0.2424242424242425,0.492365963917331
2016,5,125,102.8,34.64,13.966666666666667,Cleistogamous,7,14,14.458333333333334,14.5,15,0.06628787878787877,0.2574643252722186
2016,5,125,102.8,34.64,13.966666666666667,Chasmogamous,0,14,14.458333333333334,14.5,15,0.06628787878787877,0.2574643252722186
2016,5,132,23.12,36.739999999999995,14.216666666666667,Cleistogamous,3,15,15.166666666666666,15,15.5,0.0606060606060606,0.24618298195866545
2016,5,132,23.12,36.739999999999995,14.216666666666667,Chasmogamous,0,15,15.166666666666666,15,15.5,0.0606060606060606,0.24618298195866545
2016,5,140,21.72,39.36,14.45,Cleistogamous,2,11.5,12.333333333333334,12.5,12.5,0.1060606060606061,0.32566947363946486
2016,5,140,21.72,39.36,14.45,Chasmogamous,0,11.5,12.333333333333334,12.5,12.5,0.1060606060606061,0.32566947363946486
2016,5,152,9.184000000000001,35.12,14.733333333333333,Cleistogamous,2,18.5,19.25,19.5,19.5,0.11363636363636363,0.337099931231621
2016,5,152,9.184000000000001,35.12,14.733333333333333,Chasmogamous,0,18.5,19.25,19.5,19.5,0.11363636363636363,0.337099931231621
2016,5,182,3.574,29.2,14.883333333333333,Cleistogamous,0,17.5,17.958333333333332,18,18.5,0.20265151515151514,0.45016831868926
2016,5,182,3.574,29.2,14.883333333333333,Chasmogamous,0,17.5,17.958333333333332,18,18.5,0.20265151515151514,0.45016831868926
2016,6,96,759.8,26,12.833333333333334,Chasmogamous,9,9.5,13.708333333333334,13.75,17.5,7.429924242424241,2.725788737672867
2016,6,96,759.8,26,12.833333333333334,Cleistogamous,0,9.5,13.708333333333334,13.75,17.5,7.429924242424241,2.725788737672867
2016,6,104,934.2,27.5,13.166666666666666,Cleistogamous,0,14.5,17.333333333333332,16.75,22,4.46969696969697,2.1141657857644396
2016,6,104,934.2,27.5,13.166666666666666,Chasmogamous,27,14.5,17.333333333333332,16.75,22,4.46969696969697,2.1141657857644396
2016,6,109,606.8,23.6,13.366666666666667,Cleistogamous,0,25.5,30.375,31.25,32.5,4.642045454545454,2.1545406597568433
2016,6,109,606.8,23.6,13.366666666666667,Chasmogamous,9,25.5,30.375,31.25,32.5,4.642045454545454,2.1545406597568433
2016,6,118,238,28.740000000000002,13.716666666666667,Cleistogamous,0,12,12.75,13,13.5,0.29545454545454547,0.543557306504609
2016,6,118,238,28.740000000000002,13.716666666666667,Chasmogamous,29,12,12.75,13,13.5,0.29545454545454547,0.543557306504609
2016,6,125,281,28.8,13.966666666666667,Cleistogamous,44,14.5,15.208333333333334,15,16.5,0.42992424242424243,0.6556860852757533
2016,6,125,281,28.8,13.966666666666667,Chasmogamous,0,14.5,15.208333333333334,15,16.5,0.42992424242424243,0.6556860852757533
2016,6,132,51.52,36.300000000000004,14.216666666666667,Chasmogamous,0,15.5,15.5,15.5,15.5,0,0
2016,6,132,51.52,36.300000000000004,14.216666666666667,Cleistogamous,11,15.5,15.5,15.5,15.5,0,0
2016,6,140,47.22,30.6,14.45,Chasmogamous,0,12.5,13.041666666666666,13,13.5,0.06628787878787877,0.2574643252722186
2016,6,140,47.22,30.6,14.45,Cleistogamous,15,12.5,13.041666666666666,13,13.5,0.06628787878787877,0.2574643252722186
2016,6,152,36.2224,21.18,14.733333333333333,Cleistogamous,8,18,18.625,18.5,19,0.09659090909090909,0.3107907802540305
2016,6,152,36.2224,21.18,14.733333333333333,Chasmogamous,0,18,18.625,18.5,19,0.09659090909090909,0.3107907802540305
2016,6,182,4.4399999999999995,11,14.883333333333333,Chasmogamous,0,18,18.375,18.5,19,0.14204545454545456,0.37688918072220456
2016,6,182,4.4399999999999995,11,14.883333333333333,Cleistogamous,2,18,18.375,18.5,19,0.14204545454545456,0.37688918072220456
2016,7,96,846.4,27.48,12.833333333333334,Cleistogamous,0,5,5.75,6,6,0.11363636363636363,0.337099931231621
2016,7,96,846.4,27.48,12.833333333333334,Chasmogamous,14,5,5.75,6,6,0.11363636363636363,0.337099931231621
2016,7,104,1183,31.7,13.166666666666666,Cleistogamous,0,13.5,14.666666666666666,14.75,16,0.5151515151515152,0.7177405625652735
2016,7,104,1183,31.7,13.166666666666666,Chasmogamous,7,13.5,14.666666666666666,14.75,16,0.5151515151515152,0.7177405625652735
2016,7,109,356.2,23.08,13.366666666666667,Cleistogamous,0,25.5,28.416666666666668,29.5,30.5,3.71969696969697,1.928651593652148
2016,7,109,356.2,23.08,13.366666666666667,Chasmogamous,3,25.5,28.416666666666668,29.5,30.5,3.71969696969697,1.928651593652148
2016,7,118,151,26.58,13.716666666666667,Cleistogamous,0,11.5,12.291666666666666,12.5,13,0.24810606060606066,0.498102459947811
2016,7,118,151,26.58,13.716666666666667,Chasmogamous,12,11.5,12.291666666666666,12.5,13,0.24810606060606066,0.498102459947811
2016,7,125,80,30.64,13.966666666666667,Chasmogamous,0,14.5,14.75,14.75,15,0.06818181818181818,0.26111648393354675
2016,7,125,80,30.64,13.966666666666667,Cleistogamous,46,14.5,14.75,14.75,15,0.06818181818181818,0.26111648393354675
2016,7,132,16.054000000000002,30.48,14.216666666666667,Cleistogamous,18,17.5,17.666666666666668,17.5,18,0.060606060606060615,0.24618298195866548
2016,7,132,16.054000000000002,30.48,14.216666666666667,Chasmogamous,0,17.5,17.666666666666668,17.5,18,0.060606060606060615,0.24618298195866548
2016,7,140,13.66,29.16,14.45,Chasmogamous,0,14,14.416666666666666,14.5,15.5,0.2196969696969697,0.468718433280546
2016,7,140,13.66,29.16,14.45,Cleistogamous,23,14,14.416666666666666,14.5,15.5,0.2196969696969697,0.468718433280546
2016,7,152,96.06,22.4,14.733333333333333,Chasmogamous,0,22,23.083333333333332,23.25,23.5,0.2651515151515151,0.5149286505444371
2016,7,152,96.06,22.4,14.733333333333333,Cleistogamous,12,22,23.083333333333332,23.25,23.5,0.2651515151515151,0.5149286505444371
2016,7,182,2.76,11.4,14.883333333333333,Cleistogamous,0,18.5,19.333333333333332,19.25,20,0.24242424242424238,0.4923659639173309
2016,7,182,2.76,11.4,14.883333333333333,Chasmogamous,0,18.5,19.333333333333332,19.25,20,0.24242424242424238,0.4923659639173309
2016,8,96,463.62,25.46,12.833333333333334,Cleistogamous,0,5,5.75,6,6,0.11363636363636363,0.337099931231621
2016,8,96,463.62,25.46,12.833333333333334,Chasmogamous,13,5,5.75,6,6,0.11363636363636363,0.337099931231621
2016,8,104,884.2,29.34,13.166666666666666,Cleistogamous,0,13.5,14.666666666666666,14.75,16,0.5151515151515152,0.7177405625652735
2016,8,104,884.2,29.34,13.166666666666666,Chasmogamous,4,13.5,14.666666666666666,14.75,16,0.5151515151515152,0.7177405625652735
2016,8,109,307,24.599999999999998,13.366666666666667,Cleistogamous,0,25.5,28.416666666666668,29.5,30.5,3.71969696969697,1.928651593652148
2016,8,109,307,24.599999999999998,13.366666666666667,Chasmogamous,6,25.5,28.416666666666668,29.5,30.5,3.71969696969697,1.928651593652148
2016,8,118,137.8,28.18,13.716666666666667,Cleistogamous,0,11.5,12.291666666666666,12.5,13,0.24810606060606066,0.498102459947811
2016,8,118,137.8,28.18,13.716666666666667,Chasmogamous,11,11.5,12.291666666666666,12.5,13,0.24810606060606066,0.498102459947811
2016,8,125,32.32,28.18,13.966666666666667,Chasmogamous,0,14.5,14.75,14.75,15,0.06818181818181818,0.26111648393354675
2016,8,125,32.32,28.18,13.966666666666667,Cleistogamous,22,14.5,14.75,14.75,15,0.06818181818181818,0.26111648393354675
2016,8,132,21.169999999999998,29.74,14.216666666666667,Cleistogamous,11,17.5,17.666666666666668,17.5,18,0.060606060606060615,0.24618298195866548
2016,8,132,21.169999999999998,29.74,14.216666666666667,Chasmogamous,0,17.5,17.666666666666668,17.5,18,0.060606060606060615,0.24618298195866548
2016,8,140,7.0280000000000005,31.560000000000002,14.45,Chasmogamous,0,14,14.416666666666666,14.5,15.5,0.2196969696969697,0.468718433280546
2016,8,140,7.0280000000000005,31.560000000000002,14.45,Cleistogamous,13,14,14.416666666666666,14.5,15.5,0.2196969696969697,0.468718433280546
2016,8,152,4.104,24.240000000000002,14.733333333333333,Cleistogamous,3,22,23.083333333333332,23.25,23.5,0.2651515151515151,0.5149286505444371
2016,8,152,4.104,24.240000000000002,14.733333333333333,Chasmogamous,0,22,23.083333333333332,23.25,23.5,0.2651515151515151,0.5149286505444371
2016,8,182,1.632,11.8,14.883333333333333,Chasmogamous,0,18.5,19.333333333333332,19.25,20,0.24242424242424238,0.4923659639173309
2016,8,182,1.632,11.8,14.883333333333333,Cleistogamous,2,18.5,19.333333333333332,19.25,20,0.24242424242424238,0.4923659639173309
2016,9,96,516,20.24,12.833333333333334,Chasmogamous,3,5,5.833333333333333,6,6,0.10606060606060606,0.3256694736394648
2016,9,96,516,20.24,12.833333333333334,Cleistogamous,0,5,5.833333333333333,6,6,0.10606060606060606,0.3256694736394648
2016,9,104,506.2,30.06,13.166666666666666,Chasmogamous,5,9,9.791666666666666,9.75,10.5,0.20265151515151517,0.45016831868926
2016,9,104,506.2,30.06,13.166666666666666,Cleistogamous,0,9,9.791666666666666,9.75,10.5,0.20265151515151517,0.45016831868926
2016,9,109,980.6,17.04,13.366666666666667,Cleistogamous,0,19,21.125,20.5,23,1.9602272727272727,1.4000811664783126
2016,9,109,980.6,17.04,13.366666666666667,Chasmogamous,1,19,21.125,20.5,23,1.9602272727272727,1.4000811664783126
2016,9,118,251.6,28.64,13.716666666666667,Cleistogamous,0,13,13.333333333333334,13.25,14,0.1515151515151515,0.38924947208076144
2016,9,118,251.6,28.64,13.716666666666667,Chasmogamous,3,13,13.333333333333334,13.25,14,0.1515151515151515,0.38924947208076144
2016,9,125,96.62,27.8,13.966666666666667,Cleistogamous,6,14,14.458333333333334,14.5,15,0.06628787878787877,0.2574643252722186
2016,9,125,96.62,27.8,13.966666666666667,Chasmogamous,0,14,14.458333333333334,14.5,15,0.06628787878787877,0.2574643252722186
2016,9,132,32.592,28.98,14.216666666666667,Cleistogamous,0,15,15.583333333333334,15.5,16,0.08333333333333331,0.28867513459481287
2016,9,132,32.592,28.98,14.216666666666667,Chasmogamous,0,15,15.583333333333334,15.5,16,0.08333333333333331,0.28867513459481287
2016,9,140,8.08,29.84,14.45,Chasmogamous,0,12,12.791666666666666,13,13.5,0.24810606060606066,0.498102459947811
2016,9,140,8.08,29.84,14.45,Cleistogamous,5,12,12.791666666666666,13,13.5,0.24810606060606066,0.498102459947811
2016,9,152,4.128,26.62,14.733333333333333,Cleistogamous,4,18.5,18.875,19,19.5,0.09659090909090909,0.3107907802540305
2016,9,152,4.128,26.62,14.733333333333333,Chasmogamous,0,18.5,18.875,19,19.5,0.09659090909090909,0.3107907802540305
2016,9,182,4.366,11.2,14.883333333333333,Chasmogamous,0,18.5,19.041666666666668,19,20,0.24810606060606058,0.49810245994781094
2016,9,182,4.366,11.2,14.883333333333333,Cleistogamous,1,18.5,19.041666666666668,19,20,0.24810606060606058,0.49810245994781094
2016,10,96,368.2,20.5,12.833333333333334,Cleistogamous,0,5,5.833333333333333,6,6,0.10606060606060606,0.3256694736394648
2016,10,96,368.2,20.5,12.833333333333334,Chasmogamous,6,5,5.833333333333333,6,6,0.10606060606060606,0.3256694736394648
2016,10,104,469,25.56,13.166666666666666,Cleistogamous,0,9,9.791666666666666,9.75,10.5,0.20265151515151517,0.45016831868926
2016,10,104,469,25.56,13.166666666666666,Chasmogamous,22,9,9.791666666666666,9.75,10.5,0.20265151515151517,0.45016831868926
2016,10,109,591.6,22.68,13.366666666666667,Chasmogamous,5,14.5,18,17.5,23,6.863636363636363,2.619854263816284
2016,10,109,591.6,22.68,13.366666666666667,Cleistogamous,0,14.5,18,17.5,23,6.863636363636363,2.619854263816284
2016,10,118,219.2,28.18,13.716666666666667,Chasmogamous,4,12.5,12.958333333333334,13,13.5,0.1571969696969697,0.39648073054937955
2016,10,118,219.2,28.18,13.716666666666667,Cleistogamous,0,12.5,12.958333333333334,13,13.5,0.1571969696969697,0.39648073054937955
2016,10,125,38.58,25.2,13.966666666666667,Cleistogamous,30,13.5,13.916666666666666,14,14.5,0.08333333333333331,0.28867513459481287
2016,10,125,38.58,25.2,13.966666666666667,Chasmogamous,0,13.5,13.916666666666666,14,14.5,0.08333333333333331,0.28867513459481287
2016,10,132,11.868,26.62,14.216666666666667,Cleistogamous,3,15.5,15.916666666666666,16,16.5,0.08333333333333331,0.28867513459481287
2016,10,132,11.868,26.62,14.216666666666667,Chasmogamous,0,15.5,15.916666666666666,16,16.5,0.08333333333333331,0.28867513459481287
2016,10,140,7.846,29.740000000000002,14.45,Chasmogamous,0,11.5,12.125,12.25,12.5,0.1875,0.4330127018922193
2016,10,140,7.846,29.740000000000002,14.45,Cleistogamous,4,11.5,12.125,12.25,12.5,0.1875,0.4330127018922193
2016,10,152,4.63,17.88,14.733333333333333,Chasmogamous,0,18.5,19.333333333333332,19.5,20,0.28787878787878785,0.5365433699886598
2016,10,152,4.63,17.88,14.733333333333333,Cleistogamous,2,18.5,19.333333333333332,19.5,20,0.28787878787878785,0.5365433699886598
2016,10,182,5.01,11.4,14.883333333333333,Cleistogamous,1,17.5,18.041666666666668,18,19,0.24810606060606055,0.4981024599478109
2016,10,182,5.01,11.4,14.883333333333333,Chasmogamous,0,17.5,18.041666666666668,18,19,0.24810606060606055,0.4981024599478109
2017,1,88,1163,38.6,12.516666666666667,Chasmogamous,1,9.5,10.5,10.5,11.5,1,1
2017,1,88,1163,38.6,12.516666666666667,Cleistogamous,0,9.5,10.5,10.5,11.5,1,1
2017,1,98,1048.76,41.4,12.95,Chasmogamous,2,11.5,14.166666666666666,15,16,5.583333333333333,2.362907813126304
2017,1,98,1048.76,41.4,12.95,Cleistogamous,0,11.5,14.166666666666666,15,16,5.583333333333333,2.362907813126304
2017,1,102,1249.2,41.6,13.116666666666667,Chasmogamous,0,14.5,16.666666666666668,17.5,18,3.583333333333334,1.8929694486000914
2017,1,102,1249.2,41.6,13.116666666666667,Cleistogamous,0,14.5,16.666666666666668,17.5,18,3.583333333333334,1.8929694486000914
2017,1,108,265,35.4,13.35,Chasmogamous,0,21,22.5,23,23.5,1.75,1.3228756555322954
2017,1,108,265,35.4,13.35,Cleistogamous,1,21,22.5,23,23.5,1.75,1.3228756555322954
2017,1,116,311,34.2,13.666666666666666,Cleistogamous,0,21.5,22.333333333333332,22.5,23,0.5833333333333333,0.7637626158259733
2017,1,116,311,34.2,13.666666666666666,Chasmogamous,0,21.5,22.333333333333332,22.5,23,0.5833333333333333,0.7637626158259733
2017,1,128,15.702,40,14.1,Chasmogamous,0,8.5,10.166666666666666,10.5,11.5,2.3333333333333335,1.5275252316519468
2017,1,128,15.702,40,14.1,Cleistogamous,0,8.5,10.166666666666666,10.5,11.5,2.3333333333333335,1.5275252316519468
2017,1,143,14.645999999999999,35.2,14.55,Chasmogamous,0,17,17.5,17.5,18,0.25,0.5
2017,1,143,14.645999999999999,35.2,14.55,Cleistogamous,1,17,17.5,17.5,18,0.25,0.5
2017,2,88,668.2,31,12.516666666666667,Chasmogamous,8,9.5,10.166666666666666,10,11,0.5833333333333333,0.7637626158259733
2017,2,88,668.2,31,12.516666666666667,Cleistogamous,0,9.5,10.166666666666666,10,11,0.5833333333333333,0.7637626158259733
2017,2,98,917.6,32,12.95,Cleistogamous,0,11,12.833333333333334,13.5,14,2.5833333333333335,1.6072751268321592
2017,2,98,917.6,32,12.95,Chasmogamous,5,11,12.833333333333334,13.5,14,2.5833333333333335,1.6072751268321592
2017,2,102,823.4,28.8,13.116666666666667,Chasmogamous,3,15.5,16,16,16.5,0.25,0.5
2017,2,102,823.4,28.8,13.116666666666667,Cleistogamous,0,15.5,16,16,16.5,0.25,0.5
2017,2,108,42.566,30.8,13.35,Chasmogamous,0,17.5,18.333333333333332,18.5,19,0.5833333333333333,0.7637626158259733
2017,2,108,42.566,30.8,13.35,Cleistogamous,3,17.5,18.333333333333332,18.5,19,0.5833333333333333,0.7637626158259733
2017,2,116,73.436,31.6,13.666666666666666,Chasmogamous,0,18.5,18.666666666666668,18.5,19,0.08333333333333334,0.2886751345948129
2017,2,116,73.436,31.6,13.666666666666666,Cleistogamous,4,18.5,18.666666666666668,18.5,19,0.08333333333333334,0.2886751345948129
2017,2,128,32.984,32.4,14.1,Cleistogamous,10,8,10.125,10.5,11.5,2.3958333333333335,1.547847968417226
2017,2,128,32.984,32.4,14.1,Chasmogamous,0,8,10.125,10.5,11.5,2.3958333333333335,1.547847968417226
2017,2,143,17.128,25,14.55,Chasmogamous,0,14.5,15.625,15.75,16.5,0.7291666666666666,0.8539125638299665
2017,2,143,17.128,25,14.55,Cleistogamous,6,14.5,15.625,15.75,16.5,0.7291666666666666,0.8539125638299665
2017,3,88,714,20,12.516666666666667,Chasmogamous,6,9.5,10,10,10.5,0.25,0.5
2017,3,88,714,20,12.516666666666667,Cleistogamous,0,9.5,10,10,10.5,0.25,0.5
2017,3,98,628.2,22.6,12.95,Chasmogamous,7,15.5,15.666666666666666,15.5,16,0.08333333333333334,0.2886751345948129
2017,3,98,628.2,22.6,12.95,Cleistogamous,0,15.5,15.666666666666666,15.5,16,0.08333333333333334,0.2886751345948129
2017,3,102,463.6,25.6,13.116666666666667,Chasmogamous,1,19,19.5,19.5,20,0.25,0.5
2017,3,102,463.6,25.6,13.116666666666667,Cleistogamous,0,19,19.5,19.5,20,0.25,0.5
2017,3,108,717,20.4,13.35,Cleistogamous,10,21,22,21.5,23.5,1.75,1.3228756555322954
2017,3,108,717,20.4,13.35,Chasmogamous,0,21,22,21.5,23.5,1.75,1.3228756555322954
2017,3,116,105,20.2,13.666666666666666,Chasmogamous,0,20.5,20.666666666666668,20.5,21,0.08333333333333334,0.2886751345948129
2017,3,116,105,20.2,13.666666666666666,Cleistogamous,0,20.5,20.666666666666668,20.5,21,0.08333333333333334,0.2886751345948129
2017,3,128,195.326,24.2,14.1,Chasmogamous,0,9.5,10.666666666666666,10.5,12,1.5833333333333335,1.2583057392117918
2017,3,128,195.326,24.2,14.1,Cleistogamous,1,9.5,10.666666666666666,10.5,12,1.5833333333333335,1.2583057392117918
2017,3,143,8.129999999999999,22.8,14.55,Chasmogamous,0,15.5,16,16,16.5,0.25,0.5
2017,3,143,8.129999999999999,22.8,14.55,Cleistogamous,1,15.5,16,16,16.5,0.25,0.5
2017,4,88,577.6,39,12.516666666666667,Cleistogamous,0,10,11.333333333333334,11,13,2.3333333333333335,1.5275252316519468
2017,4,88,577.6,39,12.516666666666667,Chasmogamous,19,10,11.333333333333334,11,13,2.3333333333333335,1.5275252316519468
2017,4,98,1091.4,37.4,12.95,Chasmogamous,7,17,19.5,18.5,23,9.75,3.122498999199199
2017,4,98,1091.4,37.4,12.95,Cleistogamous,0,17,19.5,18.5,23,9.75,3.122498999199199
2017,4,102,477,37.2,13.116666666666667,Chasmogamous,6,22,22.333333333333332,22,23,0.33333333333333337,0.5773502691896258
2017,4,102,477,37.2,13.116666666666667,Cleistogamous,0,22,22.333333333333332,22,23,0.33333333333333337,0.5773502691896258
2017,4,108,338.4,34.4,13.35,Chasmogamous,0,21.5,22.166666666666668,22,23,0.5833333333333333,0.7637626158259733
2017,4,108,338.4,34.4,13.35,Cleistogamous,22,21.5,22.166666666666668,22,23,0.5833333333333333,0.7637626158259733
2017,4,116,76.14,34.2,13.666666666666666,Cleistogamous,0,20.5,20.666666666666668,20.5,21,0.08333333333333334,0.2886751345948129
2017,4,116,76.14,34.2,13.666666666666666,Chasmogamous,0,20.5,20.666666666666668,20.5,21,0.08333333333333334,0.2886751345948129
2017,4,128,18.214,36,14.1,Chasmogamous,0,9.5,10.166666666666666,10.5,10.5,0.3333333333333333,0.5773502691896257
2017,4,128,18.214,36,14.1,Cleistogamous,16,9.5,10.166666666666666,10.5,10.5,0.3333333333333333,0.5773502691896257
2017,4,143,8.754,27.6,14.55,Chasmogamous,0,15.5,16,16,16.5,0.25,0.5
2017,4,143,8.754,27.6,14.55,Cleistogamous,8,15.5,16,16,16.5,0.25,0.5
2017,5,88,524,37.6,12.516666666666667,Chasmogamous,8,9.5,10,10,10.5,0.25,0.5
2017,5,88,524,37.6,12.516666666666667,Cleistogamous,0,9.5,10,10,10.5,0.25,0.5
2017,5,98,351,37,12.95,Chasmogamous,5,11,11.333333333333334,11,12,0.3333333333333333,0.5773502691896257
2017,5,98,351,37,12.95,Cleistogamous,0,11,11.333333333333334,11,12,0.3333333333333333,0.5773502691896257
2017,5,102,413,43.2,13.116666666666667,Cleistogamous,0,13.5,14,14,14.5,0.25,0.5
2017,5,102,413,43.2,13.116666666666667,Chasmogamous,5,13.5,14,14,14.5,0.25,0.5
2017,5,108,219.8,32.8,13.35,Cleistogamous,14,15,15.333333333333334,15.5,15.5,0.08333333333333334,0.2886751345948129
2017,5,108,219.8,32.8,13.35,Chasmogamous,0,15,15.333333333333334,15.5,15.5,0.08333333333333334,0.2886751345948129
2017,5,116,21.95,32.2,13.666666666666666,Chasmogamous,0,15.5,15.833333333333334,16,16,0.08333333333333334,0.2886751345948129
2017,5,116,21.95,32.2,13.666666666666666,Cleistogamous,2,15.5,15.833333333333334,16,16,0.08333333333333334,0.2886751345948129
2017,5,128,37.958,40,14.1,Chasmogamous,0,10.5,10.833333333333334,11,11,0.08333333333333334,0.2886751345948129
2017,5,128,37.958,40,14.1,Cleistogamous,8,10.5,10.833333333333334,11,11,0.08333333333333334,0.2886751345948129
2017,5,143,7.69,32,14.55,Cleistogamous,9,15,15.333333333333334,15.5,15.5,0.08333333333333334,0.2886751345948129
2017,5,143,7.69,32,14.55,Chasmogamous,0,15,15.333333333333334,15.5,15.5,0.08333333333333334,0.2886751345948129
2017,6,88,284.2,22.6,12.516666666666667,Cleistogamous,0,9.5,10.333333333333334,10.5,11,0.5833333333333333,0.7637626158259733
2017,6,88,284.2,22.6,12.516666666666667,Chasmogamous,17,9.5,10.333333333333334,10.5,11,0.5833333333333333,0.7637626158259733
2017,6,98,278.04,26.6,12.95,Chasmogamous,15,13.5,13.666666666666666,13.5,14,0.08333333333333334,0.2886751345948129
2017,6,98,278.04,26.6,12.95,Cleistogamous,0,13.5,13.666666666666666,13.5,14,0.08333333333333334,0.2886751345948129
2017,6,102,541.8,25.6,13.116666666666667,Chasmogamous,13,16.5,16.666666666666668,16.5,17,0.08333333333333334,0.2886751345948129
2017,6,102,541.8,25.6,13.116666666666667,Cleistogamous,0,16.5,16.666666666666668,16.5,17,0.08333333333333334,0.2886751345948129
2017,6,108,227.2,21.8,13.35,Cleistogamous,26,19,19.666666666666668,19.5,20.5,0.5833333333333333,0.7637626158259733
2017,6,108,227.2,21.8,13.35,Chasmogamous,0,19,19.666666666666668,19.5,20.5,0.5833333333333333,0.7637626158259733
2017,6,116,340.4,21.8,13.666666666666666,Cleistogamous,3,20.5,20.833333333333332,20.5,21.5,0.33333333333333337,0.5773502691896258
2017,6,116,340.4,21.8,13.666666666666666,Chasmogamous,0,20.5,20.833333333333332,20.5,21.5,0.33333333333333337,0.5773502691896258
2017,6,128,125.25800000000001,22.6,14.1,Chasmogamous,0,9.5,10.5,11,11,0.75,0.8660254037844386
2017,6,128,125.25800000000001,22.6,14.1,Cleistogamous,12,9.5,10.5,11,11,0.75,0.8660254037844386
2017,6,143,22.622,13,14.55,Chasmogamous,0,15,15.5,15.5,16,0.25,0.5
2017,6,143,22.622,13,14.55,Cleistogamous,6,15,15.5,15.5,16,0.25,0.5
2017,7,88,418.4,29.2,12.516666666666667,Chasmogamous,27,9.5,10.166666666666666,10,11,0.5833333333333333,0.7637626158259733
2017,7,88,418.4,29.2,12.516666666666667,Cleistogamous,0,9.5,10.166666666666666,10,11,0.5833333333333333,0.7637626158259733
2017,7,98,479.8,31.6,12.95,Chasmogamous,31,15,15.833333333333334,15.5,17,1.0833333333333335,1.0408329997330665
2017,7,98,479.8,31.6,12.95,Cleistogamous,0,15,15.833333333333334,15.5,17,1.0833333333333335,1.0408329997330665
2017,7,102,326,25.6,13.116666666666667,Cleistogamous,0,17.5,18.5,19,19,0.75,0.8660254037844386
2017,7,102,326,25.6,13.116666666666667,Chasmogamous,11,17.5,18.5,19,19,0.75,0.8660254037844386
2017,7,108,446.2,26.8,13.35,Chasmogamous,0,21.5,22.833333333333332,22.5,24.5,2.333333333333333,1.5275252316519465
2017,7,108,446.2,26.8,13.35,Cleistogamous,39,21.5,22.833333333333332,22.5,24.5,2.333333333333333,1.5275252316519465
2017,7,116,259.06,27,13.666666666666666,Chasmogamous,0,21.5,22.166666666666668,22.5,22.5,0.33333333333333337,0.5773502691896258
2017,7,116,259.06,27,13.666666666666666,Cleistogamous,5,21.5,22.166666666666668,22.5,22.5,0.33333333333333337,0.5773502691896258
2017,7,128,75.762,25.4,14.1,Chasmogamous,0,8,9.333333333333334,9.5,10.5,1.5833333333333335,1.2583057392117918
2017,7,128,75.762,25.4,14.1,Cleistogamous,36,8,9.333333333333334,9.5,10.5,1.5833333333333335,1.2583057392117918
2017,7,143,9.030000000000001,16.8,14.55,Cleistogamous,20,15,16,16,17,1,1
2017,7,143,9.030000000000001,16.8,14.55,Chasmogamous,0,15,16,16,17,1,1
2017,8,88,296.8,23.6,12.516666666666667,Chasmogamous,21,9.5,10.166666666666666,10,11,0.5833333333333333,0.7637626158259733
2017,8,88,296.8,23.6,12.516666666666667,Cleistogamous,0,9.5,10.166666666666666,10,11,0.5833333333333333,0.7637626158259733
2017,8,98,389,24.2,12.95,Chasmogamous,8,15,15.833333333333334,15.5,17,1.0833333333333335,1.0408329997330665
2017,8,98,389,24.2,12.95,Cleistogamous,0,15,15.833333333333334,15.5,17,1.0833333333333335,1.0408329997330665
2017,8,102,818.6,22.2,13.116666666666667,Chasmogamous,4,17.5,18.5,19,19,0.75,0.8660254037844386
2017,8,102,818.6,22.2,13.116666666666667,Cleistogamous,0,17.5,18.5,19,19,0.75,0.8660254037844386
2017,8,108,424,22,13.35,Cleistogamous,21,21.5,22.833333333333332,22.5,24.5,2.333333333333333,1.5275252316519465
2017,8,108,424,22,13.35,Chasmogamous,0,21.5,22.833333333333332,22.5,24.5,2.333333333333333,1.5275252316519465
2017,8,116,38.8,22.2,13.666666666666666,Chasmogamous,0,21.5,22.166666666666668,22.5,22.5,0.33333333333333337,0.5773502691896258
2017,8,116,38.8,22.2,13.666666666666666,Cleistogamous,5,21.5,22.166666666666668,22.5,22.5,0.33333333333333337,0.5773502691896258
2017,8,128,7.564,26,14.1,Chasmogamous,0,8,9.333333333333334,9.5,10.5,1.5833333333333335,1.2583057392117918
2017,8,128,7.564,26,14.1,Cleistogamous,15,8,9.333333333333334,9.5,10.5,1.5833333333333335,1.2583057392117918
2017,8,143,4.566,16,14.55,Chasmogamous,0,15,16,16,17,1,1
2017,8,143,4.566,16,14.55,Cleistogamous,18,15,16,16,17,1,1
2017,9,88,299.4,24.8,12.516666666666667,Chasmogamous,4,9.5,9.833333333333334,9.5,10.5,0.3333333333333333,0.5773502691896257
2017,9,88,299.4,24.8,12.516666666666667,Cleistogamous,0,9.5,9.833333333333334,9.5,10.5,0.3333333333333333,0.5773502691896257
2017,9,98,947.8,26.4,12.95,Cleistogamous,0,10.5,11.333333333333334,11.5,12,0.5833333333333333,0.7637626158259733
2017,9,98,947.8,26.4,12.95,Chasmogamous,2,10.5,11.333333333333334,11.5,12,0.5833333333333333,0.7637626158259733
2017,9,102,452.4,24,13.116666666666667,Chasmogamous,5,14.5,15.166666666666666,15,16,0.5833333333333333,0.7637626158259733
2017,9,102,452.4,24,13.116666666666667,Cleistogamous,0,14.5,15.166666666666666,15,16,0.5833333333333333,0.7637626158259733
2017,9,108,305,25,13.35,Chasmogamous,0,18,18.166666666666668,18,18.5,0.08333333333333334,0.2886751345948129
2017,9,108,305,25,13.35,Cleistogamous,5,18,18.166666666666668,18,18.5,0.08333333333333334,0.2886751345948129
2017,9,116,42.082,24.6,13.666666666666666,Chasmogamous,0,18.5,19.166666666666668,19,20,0.5833333333333333,0.7637626158259733
2017,9,116,42.082,24.6,13.666666666666666,Cleistogamous,3,18.5,19.166666666666668,19,20,0.5833333333333333,0.7637626158259733
2017,9,128,32.118,23.8,14.1,Cleistogamous,6,9.5,10.333333333333334,10.5,11,0.5833333333333333,0.7637626158259733
2017,9,128,32.118,23.8,14.1,Chasmogamous,0,9.5,10.333333333333334,10.5,11,0.5833333333333333,0.7637626158259733
2017,9,143,6.296,16.6,14.55,Chasmogamous,0,15.5,16.333333333333332,16.5,17,0.5833333333333333,0.7637626158259733
2017,9,143,6.296,16.6,14.55,Cleistogamous,4,15.5,16.333333333333332,16.5,17,0.5833333333333333,0.7637626158259733
2017,10,88,573.2,21,12.516666666666667,Chasmogamous,20,8.5,8.833333333333334,9,9,0.08333333333333334,0.2886751345948129
2017,10,88,573.2,21,12.516666666666667,Cleistogamous,0,8.5,8.833333333333334,9,9,0.08333333333333334,0.2886751345948129
2017,10,98,690.6,21.2,12.95,Chasmogamous,10,6,7.166666666666667,7,8.5,1.5833333333333335,1.2583057392117918
2017,10,98,690.6,21.2,12.95,Cleistogamous,0,6,7.166666666666667,7,8.5,1.5833333333333335,1.2583057392117918
2017,10,102,379.4,20.2,13.116666666666667,Cleistogamous,0,12,12.833333333333334,12.5,14,1.0833333333333335,1.0408329997330665
2017,10,102,379.4,20.2,13.116666666666667,Chasmogamous,1,12,12.833333333333334,12.5,14,1.0833333333333335,1.0408329997330665
2017,10,108,132.2,19.6,13.35,Chasmogamous,0,13,14,13.5,15.5,1.75,1.3228756555322954
2017,10,108,132.2,19.6,13.35,Cleistogamous,20,13,14,13.5,15.5,1.75,1.3228756555322954
2017,10,116,47.432,19.8,13.666666666666666,Chasmogamous,0,15,16,16,17,1,1
2017,10,116,47.432,19.8,13.666666666666666,Cleistogamous,0,15,16,16,17,1,1
2017,10,128,6.458,18.4,14.1,Chasmogamous,0,8.5,9,9,9.5,0.25,0.5
2017,10,128,6.458,18.4,14.1,Cleistogamous,18,8.5,9,9,9.5,0.25,0.5
2017,10,143,5.774,12.6,14.55,Chasmogamous,0,14,14.166666666666666,14,14.5,0.08333333333333334,0.2886751345948129
2017,10,143,5.774,12.6,14.55,Cleistogamous,9,14,14.166666666666666,14,14.5,0.08333333333333334,0.2886751345948129
